,FIPS,pred_wght
0,01001,7.67669589067453
1,01003,7.37188262562752
2,01005,7.23860526568817
3,01007,7.92794758411521
4,01009,7.98757899113778
5,01011,7.31237728880337
6,01013,7.64891063923235
7,01015,8.82829590932092
8,01017,8.45545269150957
9,01019,7.92834617338105
10,01021,8.18459248401806
11,01023,7.1982895721192
12,01025,7.13518864824062
13,01027,8.04679004234855
14,01029,8.00336846847449
15,01031,7.13598690037639
16,01033,8.58319194899684
17,01035,7.38216951390989
18,01037,7.70028981714187
19,01039,7.44776865589832
20,01041,7.01790164101827
21,01043,8.31657058229485
22,01045,6.90698227099958
23,01047,8.29577454815153
24,01049,8.12535694454992
25,01051,7.46605922764586
26,01053,7.77668161486469
27,01055,8.96050855424686
28,01057,7.47898411693057
29,01059,7.93747195085794
30,01061,7.22342611160881
31,01063,7.85428445328911
32,01065,8.17504017068528
33,01067,6.85296095538088
34,01069,7.21710350497799
35,01071,7.94886305653146
36,01073,9.15443747528346
37,01075,7.12996520667399
38,01077,8.21006275064988
39,01079,8.08788404904045
40,01081,8.04842752721983
41,01083,8.15990281268875
42,01085,7.57887094964156
43,01087,7.0953334421033
44,01089,8.39204419245485
45,01091,8.01907423788462
46,01093,7.42542457174422
47,01095,8.49652742901988
48,01097,8.27373707255831
49,01099,7.7672718202705
50,01101,8.70788771227268
51,01103,8.47600913791949
52,01105,8.00925513077141
53,01107,7.72548079205915
54,01109,7.22487859479012
55,01111,8.04738153144503
56,01113,7.79883344174363
57,01115,8.14008144102975
58,01117,8.53924350754799
59,01119,7.97630463925016
60,01121,8.68949980739085
61,01123,7.84576344386774
62,01125,8.64668129900953
63,01127,7.99269508064396
64,01129,7.01664570502247
65,01131,7.70840832647815
66,01133,7.41207920968796
67,05001,8.58737348020401
68,05003,8.06780084656569
69,05005,7.36315703153229
70,05007,7.60306620780793
71,05009,7.51926634690947
72,05011,8.14732698470629
73,05013,7.49502149403875
74,05015,6.92866267507105
75,05017,7.88555844067797
76,05019,8.31409618351816
77,05021,7.87700405459181
78,05023,7.13156334655372
79,05025,7.6605362964668
80,05027,8.37775974421636
81,05029,8.34141322286466
82,05031,8.12448944298705
83,05033,7.78141964615484
84,05035,8.26731904542061
85,05037,8.16365284890879
86,05039,8.60006769837358
87,05041,8.40618189345019
88,05043,8.18914748608785
89,05045,8.95532169034856
90,05047,7.87896359834483
91,05049,7.23899385871784
92,05051,8.27781134914188
93,05053,8.16884749845964
94,05055,7.99366518793062
95,05057,8.81239937635455
96,05059,8.43488694377791
97,05061,8.72654872869679
98,05063,7.72355916227795
99,05065,7.17195876679322
100,05067,8.02842418958715
101,05069,9.22800641441209
102,05071,7.72833214839468
103,05073,8.25193347809025
104,05075,8.00194929371232
105,05077,7.5740317210284
106,05079,7.70273498584972
107,05081,8.65443685521221
108,05083,8.09437028765714
109,05085,8.88427798803324
110,05087,6.59829715849081
111,05089,7.33384510718789
112,05091,8.6174450082831
113,05093,7.59486916308089
114,05095,8.0312741894711
115,05097,7.36373405713081
116,05099,8.62347866955652
117,05101,6.56082660144058
118,05103,8.14847465352221
119,05105,8.15028152896122
120,05107,7.90018374362274
121,05109,7.86221464706403
122,05111,7.91319973599642
123,05113,7.73086589439551
124,05115,8.35580937688247
125,05117,8.02374030751578
126,05119,9.45920419275868
127,05121,7.22417715621348
128,05123,7.95283307169651
129,05125,8.77753895096996
130,05127,7.73974486869047
131,05129,7.03902940329469
132,05131,8.12412104346927
133,05133,8.28451987571814
134,05135,7.08479457831325
135,05137,7.04874903098273
136,05139,8.01743843295949
137,05141,6.69780678057242
138,05143,7.73348439184498
139,05145,8.60529819450931
140,05147,8.03319519146005
141,05149,8.43404132431823
142,04001,2.83017340347884
143,04003,4.280679797786
144,04005,3.81990917103726
145,04007,4.06093896076273
146,04009,4.02800428076303
147,04011,3.6701173995496
148,04012,5.1522516213578
149,04013,6.70777531571864
150,04015,4.626854005375
151,04017,3.26234155748309
152,04019,5.20151422183638
153,04021,5.73515135519068
154,04023,4.88222653247575
155,04025,4.11389000895594
156,04027,7.17982753360136
157,06001,9.64136846914229
158,06003,3.72586137021277
159,06005,5.85683276259484
160,06007,7.82909703481818
161,06009,5.71822035543464
162,06011,7.87830152761567
163,06013,8.44669782001382
164,06015,5.6520554372597
165,06017,5.6859703127727
166,06019,12.5756997634263
167,06021,8.10192621364057
168,06023,6.11006886973251
169,06025,7.94575346763843
170,06027,5.7788215582875
171,06029,12.7165061815012
172,06031,13.1460830121844
173,06033,4.6173513160133
174,06035,5.37008489267803
175,06037,10.0245384042183
176,06039,10.3301170339708
177,06041,7.54624044447702
178,06043,5.93248503479261
179,06045,5.34983302558031
180,06047,10.0848509111274
181,06049,5.82720438467892
182,06051,4.66992626038586
183,06053,6.43788704170752
184,06055,7.83478434988717
185,06057,5.23848760196023
186,06059,9.16850397509893
187,06061,7.4085300130011
188,06063,6.18768260658769
189,06065,7.82369547038076
190,06067,9.06530229311215
191,06069,6.69230492645063
192,06071,8.61698249388515
193,06073,7.85726438502988
194,06075,7.9258551486833
195,06077,9.17663681807835
196,06079,7.78873338306686
197,06081,8.62868769305074
198,06083,8.48295767808066
199,06085,9.52476700749084
200,06087,6.60477066574689
201,06089,6.50023187193536
202,06091,5.03326297530864
203,06093,6.4359469077951
204,06095,8.18899763531102
205,06097,7.39890758693307
206,06099,9.60805142011029
207,06101,8.5510065151947
208,06103,7.01008814206703
209,06105,4.90992033004497
210,06107,13.1984121638522
211,06109,5.95922358240766
212,06111,8.33556426989329
213,06113,8.78828613435964
214,06115,8.16969847009909
215,08001,6.60124621517517
216,08003,3.20536086629977
217,08005,5.89563569364147
218,08007,2.55455764978484
219,08009,5.60309008975713
220,08011,5.01381375442376
221,08013,5.67438814446289
222,08014,6.10088531732541
223,08015,3.48172772755348
224,08017,5.31135163943355
225,08019,3.44866548415493
226,08021,3.76407731104651
227,08023,2.9737071538025
228,08025,5.01138619096686
229,08027,2.86948924559342
230,08029,3.75334472538124
231,08031,6.69751589354803
232,08033,2.88263434108527
233,08035,4.82771342507838
234,08037,3.03957447516141
235,08039,4.19392619596292
236,08041,4.49947455797629
237,08043,3.82374322612336
238,08045,3.63491854634769
239,08047,3.4810579103106
240,08049,2.94954968739473
241,08051,2.46189218415557
242,08053,2.98047398576512
243,08055,3.85725611384294
244,08057,3.04425575322812
245,08059,5.75712789450054
246,08061,5.33359789699571
247,08063,5.72888751027811
248,08065,3.37207464705882
249,08067,2.93981998207815
250,08069,5.21891557230584
251,08071,3.92848809763333
252,08073,5.22621678982989
253,08075,5.94452446519001
254,08077,4.80172361606565
255,08079,3.04182328651685
256,08081,3.44660968829286
257,08083,3.0737228987664
258,08085,4.21886984470394
259,08087,6.21680704854576
260,08089,5.56953064627476
261,08091,3.07009807033363
262,08093,2.73661850240652
263,08095,5.81175298289059
264,08097,3.14437155120131
265,08099,5.45407885347781
266,08101,4.90413291582581
267,08103,3.46910886588659
268,08105,3.69635636871975
269,08107,3.39335910332213
270,08109,3.26146607236411
271,08111,3.26008135908441
272,08113,3.04577214703085
273,08115,5.58989397225725
274,08117,3.03303853289991
275,08119,3.02320752376874
276,08121,5.58122445783133
277,08123,6.12439716554929
278,08125,5.5580654356268
279,09001,8.02453657924215
280,09003,7.32282137045952
281,09005,6.61233286057275
282,09007,6.68910841829837
283,09009,7.69192221306771
284,09011,6.49203571399902
285,09013,5.99974760201977
286,09015,6.03926882494005
287,11001,8.98079472529719
288,10001,8.13076241242068
289,10003,9.49426989782331
290,10005,7.14701484247635
291,12001,6.44954339675583
292,12003,6.28211998008482
293,12005,6.97953664653069
294,12007,6.21334820546985
295,12009,5.35884275468552
296,12011,6.34167243402137
297,12013,6.51748601025641
298,12015,5.43531731525585
299,12017,6.39921755005806
300,12019,6.38683851408063
301,12021,5.41558801209878
302,12023,6.53364477632495
303,12027,5.93590581865642
304,12029,6.17551805017659
305,12031,6.80005731369965
306,12033,7.69246113998098
307,12035,5.73419787995318
308,12037,5.76129885877565
309,12039,6.74359334368061
310,12041,6.49486457051774
311,12043,5.58379976870537
312,12045,5.93879922902351
313,12047,6.73432273464423
314,12049,5.96945735602755
315,12051,5.6601471333674
316,12053,6.59014044241744
317,12055,5.84004289180653
318,12057,6.9439213943571
319,12059,6.60251783710543
320,12061,5.33770655004782
321,12063,6.75848995617738
322,12065,6.46838630580584
323,12067,6.31905487034949
324,12069,6.12064824862314
325,12071,5.48243104813868
326,12073,7.0455681301114
327,12075,6.3212495110414
328,12077,6.20158274476987
329,12079,6.8194264008531
330,12081,6.34384275526356
331,12083,6.72696149056137
332,12085,5.34283478977296
333,12086,6.47824733374993
334,12087,6.75094308345875
335,12089,6.26350750688818
336,12091,7.0160841442966
337,12093,5.77607550655066
338,12095,6.1404071756769
339,12097,5.77148438171093
340,12099,5.85781219868589
341,12101,6.41421874318104
342,12103,6.92419524860836
343,12105,6.22715261938731
344,12107,6.18976036966812
345,12109,5.88880290224638
346,12111,5.5122887896569
347,12113,6.85035244787675
348,12115,6.01402271918682
349,12117,6.15102438247248
350,12119,6.66129697516592
351,12121,6.80014198430844
352,12123,6.64118539565795
353,12125,6.45301637463791
354,12127,5.76581592525572
355,12129,5.71957882278399
356,12131,6.23559352106535
357,12133,6.23679726381748
358,13001,7.22073465507787
359,13003,7.07505761910448
360,13005,7.11812739095169
361,13007,6.91400343378731
362,13009,8.18116689654418
363,13011,7.18215081815711
364,13013,8.1973479389335
365,13015,8.21685264474775
366,13017,8.06534262504253
367,13019,7.37218152545888
368,13021,8.79882044700316
369,13023,8.17653941207992
370,13025,6.63107227092499
371,13027,7.11494094379117
372,13029,6.96387949095359
373,13031,7.41692739934774
374,13033,7.3087436489964
375,13035,8.36008383428451
376,13037,7.42956189124589
377,13039,6.5227776924752
378,13043,7.42829661574832
379,13045,8.29056063749129
380,13047,7.89101095007976
381,13049,6.68262945854901
382,13051,7.64924434737184
383,13053,7.8311575441555
384,13055,8.04144094676148
385,13057,7.66936742057235
386,13059,8.27842913994894
387,13061,6.71268353125982
388,13063,8.94192603540921
389,13065,6.83509685348632
390,13067,8.53676725410491
391,13069,7.3814790301256
392,13071,7.76289301925359
393,13073,7.79683451105576
394,13075,7.57648006042296
395,13077,8.39568707211135
396,13079,7.78103624386382
397,13081,8.26392185289475
398,13083,7.4499810773763
399,13085,6.65597042095835
400,13087,7.24011751813806
401,13089,8.91584748278997
402,13091,7.61768140989172
403,13093,8.2461447050543
404,13095,8.3940601770211
405,13097,8.27107212699108
406,13099,7.1930228724564
407,13101,6.22008590480912
408,13103,7.04862706851675
409,13105,7.8422839541803
410,13107,7.3236337220108
411,13109,7.64319509
412,13111,6.64000419516933
413,13113,8.56313712772246
414,13115,8.48295305948067
415,13117,7.32979146201663
416,13119,7.83386282919761
417,13121,8.75879472517899
418,13123,6.49708606602573
419,13125,6.83923785528877
420,13127,6.83405148418858
421,13129,8.15876696734679
422,13131,7.02294606852985
423,13133,7.65283094597974
424,13135,8.35386978995953
425,13137,7.05623288027695
426,13139,7.57278218656085
427,13141,7.58047809205642
428,13143,8.1657879704656
429,13145,7.75830503434924
430,13147,7.96452569349145
431,13149,7.57480416004732
432,13151,8.64872264934632
433,13153,8.62820220393138
434,13155,7.58307376598868
435,13157,7.80904429279987
436,13159,8.14015454100719
437,13161,7.36608431245023
438,13163,7.28534735262847
439,13165,7.25544417026379
440,13167,7.22641816933868
441,13169,8.05707235341309
442,13171,8.71846687558006
443,13173,6.73658603294304
444,13175,7.67118103006153
445,13177,7.69597134850519
446,13179,7.28081819283564
447,13181,7.05432855177589
448,13183,6.74278245229535
449,13185,7.46895776898922
450,13187,6.27536042614964
451,13189,7.55934890468571
452,13191,6.16765312077025
453,13193,8.29993787177748
454,13195,7.83340054658606
455,13197,7.51758862045299
456,13199,8.36612808657694
457,13201,7.10388588081633
458,13205,7.58242665758788
459,13207,8.13200949023615
460,13209,7.422613003398
461,13211,8.15611590552944
462,13213,7.68125757671343
463,13215,8.82887511941438
464,13217,8.28922472458433
465,13219,7.9143906083882
466,13221,7.72840003691523
467,13223,7.9521410698828
468,13225,8.58539746632966
469,13227,7.05253429716965
470,13229,7.03685580498987
471,13231,8.44243882813812
472,13233,8.56987567811935
473,13235,7.61302369275604
474,13237,7.74775118248657
475,13239,7.17619350577
476,13241,6.13183213565987
477,13243,7.75472730016842
478,13245,8.33188895471929
479,13247,8.53434342674412
480,13249,7.70433526347305
481,13251,7.22801541629548
482,13253,7.27203416427999
483,13255,9.04282961746758
484,13257,7.40124476638013
485,13259,7.55152098877517
486,13261,8.20172472561626
487,13263,7.87812786307356
488,13265,7.43279907979033
489,13267,7.07131602821317
490,13269,8.00766496406917
491,13271,7.53449056909091
492,13273,8.05842343746645
493,13275,7.30062707513417
494,13277,8.03600928186849
495,13279,7.73631050508761
496,13281,6.06531724381625
497,13283,7.40007928249818
498,13285,8.3030866469781
499,13287,8.05125950279955
500,13289,7.69946909231963
501,13291,6.22120203034276
502,13293,8.5850245475638
503,13295,7.95309966344755
504,13297,7.98054903316302
505,13299,7.60920626652346
506,13301,7.86928239458348
507,13303,7.58195246094303
508,13305,7.17781198644473
509,13307,7.25323033226152
510,13309,7.65687702196469
511,13311,6.32386465885647
512,13313,7.98519841148549
513,13315,7.7008661815235
514,13317,7.55279943075616
515,13319,7.4751106870229
516,13321,7.6738258637391
517,19001,6.84051082530591
518,19003,7.08685540580789
519,19005,7.41086938381019
520,19007,7.80135456972142
521,19009,6.62453324235986
522,19011,7.85114761389784
523,19013,8.00714599282935
524,19015,7.02567040180947
525,19017,7.34791773150437
526,19019,8.02975384149251
527,19021,7.384018029615
528,19023,7.38334202394565
529,19025,6.88532108169597
530,19027,6.94269737173328
531,19029,6.84919017698481
532,19031,8.04817383642359
533,19033,7.32466927498811
534,19035,7.22286926275679
535,19037,7.22876233137712
536,19039,7.23859231315959
537,19041,7.42609292554149
538,19043,7.6235835319102
539,19045,8.63008683545077
540,19047,6.94149270238652
541,19049,6.91344970832388
542,19051,7.25880195133097
543,19053,7.31020206810926
544,19055,8.02843818002702
545,19057,8.26120042901426
546,19059,6.56756651226975
547,19061,8.43146129905075
548,19063,7.12342509415647
549,19065,7.76679243151341
550,19067,7.27986272833221
551,19069,7.15353303277154
552,19071,6.44314045424002
553,19073,6.87416042416452
554,19075,7.20181712679676
555,19077,6.65081962844623
556,19079,7.11592161105085
557,19081,7.18035518296447
558,19083,7.40838389700011
559,19085,6.31726779608789
560,19087,8.01958751402333
561,19089,6.63787193706878
562,19091,7.05486883851248
563,19093,6.87219898857385
564,19095,7.69237564536839
565,19097,8.10003018641677
566,19099,7.3708248566853
567,19101,8.01659077124028
568,19103,8.11451080530554
569,19105,7.92228387295281
570,19107,7.83964427647227
571,19109,6.97008813356495
572,19111,7.95139938653728
573,19113,8.36615477057749
574,19115,7.54704405111092
575,19117,7.56588796808272
576,19119,6.60716105776703
577,19121,6.47111110530008
578,19123,7.62595277824941
579,19125,7.47945067759464
580,19127,7.56896690784294
581,19129,6.53000556079421
582,19131,6.86231782108389
583,19133,6.65488606729417
584,19135,7.74349298619824
585,19137,7.13936851769088
586,19139,8.31249111498421
587,19141,7.14062968606751
588,19143,6.98572018724853
589,19145,6.82488528747175
590,19147,7.44778415242543
591,19149,6.99413968942608
592,19151,7.29518722845417
593,19153,7.39804423722831
594,19155,6.84947075173361
595,19157,7.60990302527228
596,19159,6.82850981874878
597,19161,6.55962763961353
598,19163,9.14334093563889
599,19165,6.34712800854771
600,19167,7.03898848415618
601,19169,7.10856151303299
602,19171,7.53338626667417
603,19173,7.09364971030552
604,19175,7.35459032790809
605,19177,7.44524298282695
606,19179,7.79022770105263
607,19181,6.92375515673337
608,19183,7.87166247189458
609,19185,7.58409251288459
610,19187,7.1663068581801
611,19189,6.9527657426836
612,19191,6.98038935172872
613,19193,7.34753666943977
614,19195,6.84544847065017
615,19197,7.25477654546829
616,16001,7.60417592318377
617,16003,6.17504867203219
618,16005,5.03713108378904
619,16007,4.77480250083528
620,16009,8.85328818093699
621,16011,5.36877783015765
622,16013,4.5140375813997
623,16015,5.10338635742743
624,16017,7.52603761797588
625,16019,5.88819357474528
626,16021,6.52236061884798
627,16023,4.71720490141819
628,16025,4.42588893464637
629,16027,8.07616700809325
630,16029,4.80446879075111
631,16031,5.63901513855002
632,16033,4.89432741344195
633,16035,7.65783099417875
634,16037,4.89298702838828
635,16039,6.11779658665582
636,16041,5.5721867292351
637,16043,5.29189858178523
638,16045,7.35168239488008
639,16047,5.89481713657527
640,16049,7.12292112005902
641,16051,5.4884341469013
642,16053,6.10066529900778
643,16055,9.49984337299811
644,16057,8.65199866743637
645,16059,8.18726703377016
646,16061,8.02850390473698
647,16063,4.7616675672043
648,16065,5.87082329869992
649,16067,5.94366915292242
650,16069,8.57019044110531
651,16071,5.24864756649557
652,16073,7.02344296720458
653,16075,7.55637485479379
654,16077,5.33928922348727
655,16079,9.34081703799452
656,16081,4.78363689872173
657,16083,5.91354241020329
658,16085,5.51438279862097
659,16087,7.23050505000981
660,17001,8.12727525535371
661,17003,8.34592455814518
662,17005,8.55530341569113
663,17007,8.33940152552386
664,17009,7.32261518379703
665,17011,8.10371876064955
666,17013,6.73809112792297
667,17015,8.12756368492884
668,17017,7.85642571763671
669,17019,8.49939383924886
670,17021,8.39757006925287
671,17023,8.4175897490052
672,17025,8.94921105609844
673,17027,8.97867138737355
674,17029,8.56904710671394
675,17031,10.794362484756
676,17033,8.94796760508654
677,17035,8.00837428855901
678,17037,8.29871753879802
679,17039,8.29882463558964
680,17041,8.58205561961962
681,17043,9.72603098773726
682,17045,8.57673214362618
683,17047,9.17214316768338
684,17049,8.51319198382104
685,17051,8.50765919647696
686,17053,8.50481956679213
687,17055,9.50793067768762
688,17057,8.27588854865251
689,17059,8.96486813025586
690,17061,7.75327595779922
691,17063,8.49669420270459
692,17065,9.15101946434906
693,17067,7.84015359505863
694,17069,8.54423393981481
695,17071,7.81288861683263
696,17073,8.56057144832231
697,17075,8.35556189110977
698,17077,8.90146836161945
699,17079,8.69859199422561
700,17081,8.97514751435856
701,17083,7.58035801957799
702,17085,8.18284715539289
703,17087,8.67805710538865
704,17089,8.93582712703462
705,17091,8.77240180574531
706,17093,8.27591525231836
707,17095,8.78023048772653
708,17097,8.99755131741302
709,17099,8.26355343536042
710,17101,9.06745796768253
711,17103,8.1192932866143
712,17105,8.34595786341463
713,17107,8.32457073420228
714,17109,8.21013253219674
715,17111,8.75616325670424
716,17113,8.17091965548557
717,17115,8.6028029046295
718,17117,8.3374479673401
719,17119,9.27171343015872
720,17121,9.17558930598169
721,17123,7.99392563924051
722,17125,7.93664795786172
723,17127,9.34604853652213
724,17129,7.84583477843369
725,17131,8.29235367469879
726,17133,8.96519890190248
727,17135,8.43058837596333
728,17137,8.07136920780938
729,17139,8.31211714333827
730,17141,8.1929321053517
731,17143,8.37398197421901
732,17145,8.89528125503356
733,17147,8.34111187399127
734,17149,7.86139459890444
735,17151,8.27103836912752
736,17153,8.7050035968187
737,17155,7.92016638694639
738,17157,8.7548783570319
739,17159,9.13805038440214
740,17161,9.18629763348379
741,17163,9.61399331557159
742,17165,9.36952868703087
743,17167,8.48370555303472
744,17169,7.60437352067868
745,17171,7.85983821101774
746,17173,8.26745290926978
747,17175,8.05492597263931
748,17177,8.43490566536019
749,17179,8.38442351005214
750,17181,8.78505376740791
751,17183,8.66653690572741
752,17185,9.13201254875701
753,17187,8.44576769130852
754,17189,8.73084228187007
755,17191,9.0843918800716
756,17193,9.29655570746676
757,17195,8.526422732743
758,17197,8.62626525664148
759,17199,9.31668212110252
760,17201,8.71587923469008
761,17203,7.89188882293606
762,18001,9.31967440806119
763,18003,10.1293450127347
764,18005,9.01465801546996
765,18007,8.62451745990513
766,18009,9.57681282939057
767,18011,9.35161356567797
768,18013,7.76486265647553
769,18015,8.56982979012652
770,18017,9.27935383975774
771,18019,9.40402768252413
772,18021,8.6061404399405
773,18023,9.3702465046352
774,18025,7.68913597031644
775,18027,8.91800988593276
776,18029,8.54752335984175
777,18031,8.91975191375291
778,18033,9.59250421713284
779,18035,9.37413581392187
780,18037,8.7750038103082
781,18039,9.48663776562951
782,18041,9.46075591259217
783,18043,9.06796430368205
784,18045,8.46288575986079
785,18047,8.4233878555031
786,18049,9.00434588308696
787,18051,9.01979423842641
788,18053,9.62284891366095
789,18055,8.78414237630032
790,18057,9.42743385010689
791,18059,9.02037982443359
792,18061,8.11551498729804
793,18063,9.57973153505033
794,18065,9.17421530043265
795,18067,9.39881302192092
796,18069,9.48364093739899
797,18071,9.11681893760619
798,18073,8.59198406446024
799,18075,9.13048914600292
800,18077,8.4517996641791
801,18079,8.6887602832603
802,18081,9.59083442593839
803,18083,9.09764117637877
804,18085,9.19206444789162
805,18087,8.73239467032967
806,18089,10.6426965968085
807,18091,8.93517899692286
808,18093,8.971342332553
809,18095,9.47613884590841
810,18097,10.4469623267947
811,18099,9.07596941276487
812,18101,8.38376491194117
813,18103,9.2171132103081
814,18105,8.86514633655616
815,18107,8.84475615570244
816,18109,9.02489973103608
817,18111,8.39584611345128
818,18113,9.21716109664255
819,18115,8.5148048058094
820,18117,8.35581403981855
821,18119,8.23769894090382
822,18121,8.13830249956745
823,18123,8.24664351380701
824,18125,8.7193199462826
825,18127,9.16536847629653
826,18129,8.85910025588576
827,18131,8.61944183330846
828,18133,8.84142145957906
829,18135,9.0648266015819
830,18137,8.52229536192657
831,18139,8.82848809107636
832,18141,9.65615480521183
833,18143,8.78828453579256
834,18145,9.01914690228644
835,18147,8.5700062089538
836,18149,8.66549767324402
837,18151,8.53355773116864
838,18153,8.76980234458673
839,18155,8.07086432865354
840,18157,9.02173478278736
841,18159,9.11599806915161
842,18161,9.03181541777541
843,18163,9.42666178455563
844,18165,8.58281530532938
845,18167,8.91405316482457
846,18169,9.35598788099003
847,18171,8.19878183239304
848,18173,8.88347907118565
849,18175,8.35990780022645
850,18177,9.43773169043922
851,18179,9.51767101642785
852,18181,8.91307374305076
853,18183,9.31413044575273
854,20001,7.93468379328397
855,20003,7.62324949024932
856,20005,7.35632753781612
857,20007,7.2077444517589
858,20009,6.84729759629978
859,20011,7.72670429447044
860,20013,7.33106052684295
861,20015,7.02745682240437
862,20017,6.97168865232975
863,20019,7.19458165440174
864,20021,7.81787622182104
865,20023,5.65119930667645
866,20025,6.07427719187359
867,20027,6.71730900175747
868,20029,6.78196190076576
869,20031,7.15046423206604
870,20033,6.66913481226864
871,20035,7.47045457079122
872,20037,7.91388940001022
873,20039,6.08951656534954
874,20041,7.28076379518072
875,20043,7.1065968533669
876,20045,7.5006931864364
877,20047,6.61478393480408
878,20049,7.47475902498265
879,20051,6.20572513496415
880,20053,6.89723881329845
881,20055,6.43870026348706
882,20057,6.59692461740723
883,20059,7.65443952331487
884,20061,6.52771485390839
885,20063,5.92804395918367
886,20065,5.86098765498652
887,20067,6.19860712734704
888,20069,6.15399258075258
889,20071,5.7418095829992
890,20073,7.41305554043953
891,20075,5.55855610408922
892,20077,7.39250750414319
893,20079,7.44515253084996
894,20081,6.114514375
895,20083,5.84134354384134
896,20085,7.51744945773288
897,20087,7.20929259698839
898,20089,6.13678914852129
899,20091,7.82799298041637
900,20093,6.05007834045763
901,20095,6.92392281114788
902,20097,6.48817428123776
903,20099,7.99381882214097
904,20101,6.16080873142857
905,20103,7.47499724179097
906,20105,6.6604023511262
907,20107,7.39695198322287
908,20109,5.97897635703919
909,20111,7.48184583852775
910,20113,7.2828474989719
911,20115,6.94254311374408
912,20117,6.58923009192448
913,20119,6.44021332896175
914,20121,7.48986229084698
915,20123,6.72612658245724
916,20125,8.14239443066167
917,20127,6.82313915752153
918,20129,5.95942505103619
919,20131,7.14296242385537
920,20133,7.99159976744186
921,20135,6.02712690698423
922,20137,6.02985862634456
923,20139,7.40311365081313
924,20141,6.48736550544323
925,20143,6.69647928254802
926,20145,6.55980175534203
927,20147,6.18477093229351
928,20149,6.7784354596371
929,20151,6.99145034175642
930,20153,5.40855761016276
931,20155,7.35051170482553
932,20157,6.57011272690763
933,20159,7.0114174452048
934,20161,6.91417322885467
935,20163,6.2069517448369
936,20165,6.12945502267917
937,20167,6.47768098852224
938,20169,7.57889783242816
939,20171,6.43943198338736
940,20173,7.78580196530655
941,20175,6.70660071235622
942,20177,7.74775258303641
943,20179,5.5976671400626
944,20181,5.99012635108153
945,20183,6.3476818375292
946,20185,6.77570846968672
947,20187,5.85948759731544
948,20189,6.11499169112509
949,20191,7.46367933490801
950,20193,5.8898158721519
951,20195,5.95004683438854
952,20197,6.87766651495817
953,20199,5.58314542087542
954,20201,6.48697313157441
955,20203,6.22689371978514
956,20205,7.91718070039324
957,20207,7.5178753218495
958,20209,8.45801045535062
959,21001,7.26446769725557
960,21003,7.49286400631389
961,21005,8.41618611269315
962,21007,8.0495520899503
963,21009,7.81388617219548
964,21011,7.59921500129411
965,21013,7.61264793419539
966,21015,9.20905482404828
967,21017,9.12708164223167
968,21019,7.99950314722861
969,21021,8.26410641882386
970,21023,8.08062278039585
971,21025,7.10158546260268
972,21027,8.11991667181814
973,21029,8.43125726005463
974,21031,7.38661954846336
975,21033,9.02871009011091
976,21035,8.50873344922159
977,21037,9.32415414087407
978,21039,8.21401338753918
979,21041,8.49771890574415
980,21043,7.22406452308802
981,21045,6.75863428517706
982,21047,9.1143056339666
983,21049,8.7790653295145
984,21051,6.86274595352048
985,21053,6.9486427930296
986,21055,9.0581014589372
987,21057,6.47876018961494
988,21059,9.11576629024582
989,21061,7.31115563851657
990,21063,6.65183815206317
991,21065,7.43672321292257
992,21067,8.78198838348495
993,21069,8.2732406781433
994,21071,6.89500912321614
995,21073,8.54638551425383
996,21075,8.19848623367092
997,21077,8.32837407381535
998,21079,7.64558451040681
999,21081,8.77627460060011
1000,21083,8.67651281646507
1001,21085,8.22281806571895
1002,21087,7.63264689998223
1003,21089,7.74249212571119
1004,21091,8.33335143841214
1005,21093,8.60812291047251
1006,21095,7.20852625862422
1007,21097,8.77168873766317
1008,21099,7.7451464509039
1009,21101,8.95786827654054
1010,21103,8.59686589063311
1011,21105,8.13712778253774
1012,21107,9.25887446994885
1013,21109,6.5185714006225
1014,21111,9.77015065884852
1015,21113,8.52425791297905
1016,21115,6.91153246788834
1017,21117,9.45421688648886
1018,21119,6.57600990028141
1019,21121,7.62887664115673
1020,21123,8.34121280701754
1021,21125,7.62537670240786
1022,21127,7.08318821752837
1023,21129,7.20454098262964
1024,21131,6.50802862776304
1025,21133,6.66613908519923
1026,21135,7.33468836697909
1027,21137,7.70008283404737
1028,21139,8.3797139415905
1029,21141,8.5171062712875
1030,21143,8.37078470170796
1031,21145,8.91259167909708
1032,21147,6.4760175308642
1033,21149,8.42973856678208
1034,21151,8.09073142517729
1035,21153,6.65410670891772
1036,21155,8.42198048234107
1037,21157,8.54137860213686
1038,21159,6.66051930853121
1039,21161,8.5678629782733
1040,21163,8.23021807740717
1041,21165,6.21115453060577
1042,21167,8.4309579410248
1043,21169,6.96019454896524
1044,21171,7.03383367326462
1045,21173,8.43139587267444
1046,21175,6.3711525468649
1047,21177,8.8910341147338
1048,21179,8.37281109814214
1049,21181,8.44913999579538
1050,21183,8.40044071344686
1051,21185,8.66251235509649
1052,21187,7.93003484641638
1053,21189,6.73602142376446
1054,21191,8.49115842777442
1055,21193,7.27369483491223
1056,21195,6.56766471887303
1057,21197,7.30931519226195
1058,21199,7.61292600082457
1059,21201,7.38943095968449
1060,21203,7.13554700046904
1061,21205,7.12954460549436
1062,21207,7.14140141873043
1063,21209,8.76791822652789
1064,21211,8.94196455934782
1065,21213,8.50908445258845
1066,21215,7.93634366684251
1067,21217,8.17686572454308
1068,21219,8.53016932744783
1069,21221,8.32447051119325
1070,21223,7.73587807923714
1071,21225,8.87444595388819
1072,21227,8.45186332791409
1073,21229,8.18478921737646
1074,21231,6.95237301061836
1075,21233,8.88678837163204
1076,21235,7.43587022701125
1077,21237,6.36985572263766
1078,21239,8.63672010144753
1079,22001,7.76837732990141
1080,22003,6.96007220695544
1081,22005,8.23214572149419
1082,22007,7.21790567951838
1083,22009,7.39428433793644
1084,22011,7.09022319150726
1085,22013,7.65083206158991
1086,22015,9.04825746775062
1087,22017,9.30858245602407
1088,22019,8.01477027131059
1089,22021,6.70437815436242
1090,22023,6.6387617619535
1091,22025,6.79416004708369
1092,22027,7.66494426228555
1093,22029,7.26407087743733
1094,22031,7.74974018494898
1095,22033,8.77060661545172
1096,22035,7.67676369119732
1097,22037,7.21387704593674
1098,22039,7.70000831096987
1099,22041,7.40424411518274
1100,22043,6.79952046080057
1101,22045,8.10764496777717
1102,22047,8.10018963997963
1103,22049,7.35512824996928
1104,22051,8.48673697326564
1105,22053,7.68373585807432
1106,22055,7.89960668035635
1107,22057,7.47578622666584
1108,22059,7.03210244526528
1109,22061,8.05343350337007
1110,22063,7.26978469631169
1111,22065,8.15677308773671
1112,22067,7.38931598305872
1113,22069,7.94358443132993
1114,22071,9.12529706906631
1115,22073,7.8745645193859
1116,22075,7.73936863206319
1117,22077,7.65215090649943
1118,22079,7.44441827182725
1119,22081,7.50625354306457
1120,22083,7.64565807237636
1121,22085,7.12311566458961
1122,22087,8.96049757751344
1123,22089,8.30449741151951
1124,22091,6.91481501294296
1125,22093,8.26418654420415
1126,22095,8.6671567141364
1127,22097,7.67854813069654
1128,22099,7.5377935764954
1129,22101,7.4135721663312
1130,22103,7.90609355313596
1131,22105,7.81766192399481
1132,22107,7.51004928598629
1133,22109,7.32958913990703
1134,22111,6.96356292196646
1135,22113,7.54192296901671
1136,22115,6.97349403236901
1137,22117,7.85733019674355
1138,22119,8.34103155725969
1139,22121,8.47231645577602
1140,22123,7.21646644777663
1141,22125,6.8079469888
1142,22127,7.33799303141122
1143,25001,6.11319647557993
1144,25003,6.31924579702634
1145,25005,6.30291735931131
1146,25007,6.87592048684608
1147,25009,6.15045129368009
1148,25011,5.9666594430589
1149,25013,6.70973779205592
1150,25015,5.99986365707237
1151,25017,6.47873808499852
1152,25019,7.21963958611876
1153,25021,6.50724636525304
1154,25023,6.13535420004081
1155,25025,6.84412934191847
1156,25027,5.74856992257236
1157,24001,7.8428150402866
1158,24003,7.85193609147857
1159,24005,8.79283371421402
1160,24009,6.61595698964355
1161,24011,7.4502456024315
1162,24013,8.77302889430038
1163,24015,8.62011361000119
1164,24017,7.72652433248494
1165,24019,7.04574603685082
1166,24021,9.15472933046254
1167,24023,6.87375624015683
1168,24025,8.49967772287257
1169,24027,8.28530355971228
1170,24029,7.89927335643907
1171,24031,8.82256236656146
1172,24033,8.69711357937041
1173,24035,7.18750271371187
1174,24037,7.03298391275404
1175,24039,6.6084454862108
1176,24041,7.25783866047324
1177,24043,9.55038670623347
1178,24045,7.32399093079315
1179,24047,6.44670343724492
1180,24510,9.53783831137543
1181,23001,5.5559039747637
1182,23003,4.03978082816196
1183,23005,5.76373845111725
1184,23007,4.40583542121685
1185,23009,4.49382653276489
1186,23011,5.20240696293931
1187,23013,5.05419965522448
1188,23015,4.62773803116928
1189,23017,4.58742771255166
1190,23019,4.88527741071835
1191,23021,4.20786429769033
1192,23023,5.16675775252883
1193,23025,4.72342514513288
1194,23027,4.55567333960707
1195,23029,4.16210748508644
1196,23031,5.40299189944758
1197,26001,6.17518900383842
1198,26003,5.21814783251745
1199,26005,7.77698675678587
1200,26007,6.61471636867356
1201,26009,6.46689812340967
1202,26011,6.67732090634631
1203,26013,5.42497500677201
1204,26015,7.7838873165126
1205,26017,8.1257173572668
1206,26019,6.18069893922967
1207,26021,8.6435641031037
1208,26023,8.35997016199611
1209,26025,8.41589785436223
1210,26027,8.3326404694701
1211,26029,6.21439331650545
1212,26031,6.04622966694708
1213,26033,5.77952279724818
1214,26035,6.79690317047145
1215,26037,7.89474353890849
1216,26039,6.36734595708398
1217,26041,5.92323920850306
1218,26043,6.47528354631611
1219,26045,8.33692998116167
1220,26047,6.01760830335841
1221,26049,8.45358446985603
1222,26051,6.53522217888837
1223,26053,5.89120132099592
1224,26055,6.70149810394776
1225,26057,7.93137733967417
1226,26059,8.23814833811686
1227,26061,5.64018904253576
1228,26063,7.61113798538559
1229,26065,8.69174608376796
1230,26067,7.83279648525155
1231,26069,6.64594251554835
1232,26071,5.81905617415588
1233,26073,7.8917115666112
1234,26075,7.97942043981828
1235,26077,8.71397799109978
1236,26079,6.46565789832682
1237,26081,8.59719250309481
1238,26083,4.52126243042672
1239,26085,6.18994870612705
1240,26087,8.01355477462381
1241,26089,6.18768401879491
1242,26091,8.3791702663877
1243,26093,7.91106471025104
1244,26095,5.31778118986578
1245,26097,5.18887604427247
1246,26099,9.36348490977172
1247,26101,6.553452604213
1248,26103,5.89249510279231
1249,26105,7.06192853022122
1250,26107,7.27743790364036
1251,26109,6.32660553206542
1252,26111,7.69106449760251
1253,26113,6.41295448649741
1254,26115,8.82602356944106
1255,26117,7.55944270989233
1256,26119,5.72859862877624
1257,26121,7.83984043946152
1258,26123,7.1385531469253
1259,26125,8.94169654602358
1260,26127,7.13395612382386
1261,26129,6.50513417576847
1262,26131,5.78424289528024
1263,26133,7.01665867307038
1264,26135,5.92558445833333
1265,26137,6.36022363515974
1266,26139,8.05364209862737
1267,26141,6.14484720469498
1268,26143,6.17637002004172
1269,26145,8.43973448401101
1270,26147,8.68511729011286
1271,26149,8.74643348315523
1272,26151,8.08298892703066
1273,26153,5.24706040424278
1274,26155,8.15703002561997
1275,26157,7.79883109278831
1276,26159,7.90407432833277
1277,26161,8.61139048087102
1278,26163,10.0409224749586
1279,26165,6.78508714220254
1280,27001,4.86518085544994
1281,27003,6.62968420155723
1282,27005,5.98287278673394
1283,27007,5.65119437626569
1284,27009,6.40559023952563
1285,27011,6.18206283545265
1286,27013,6.3610161570306
1287,27015,6.53282439114819
1288,27017,4.90851634799073
1289,27019,5.99999703642275
1290,27021,5.34188847026289
1291,27023,6.36554697532353
1292,27025,6.12112738990851
1293,27027,6.92191271275784
1294,27029,6.09001334445083
1295,27031,4.29259799652241
1296,27033,6.63364522974245
1297,27035,5.32539637696
1298,27037,6.48278388195267
1299,27039,6.27976225618559
1300,27041,6.24898507206532
1301,27043,6.82603199340342
1302,27045,6.22130049458449
1303,27047,6.76378864469685
1304,27049,6.1349782593162
1305,27051,6.22614963110668
1306,27053,6.92972786625594
1307,27055,6.84140943816682
1308,27057,5.67388010671627
1309,27059,6.15969099772583
1310,27061,4.94930344378357
1311,27063,6.39165256867329
1312,27065,6.01500849682862
1313,27067,6.33239034470513
1314,27069,6.45404921792619
1315,27071,5.91916825107054
1316,27073,6.18223389172062
1317,27075,4.82790664826063
1318,27077,5.84692876885043
1319,27079,6.21838984333827
1320,27081,5.91794360922659
1321,27083,6.67437196465174
1322,27085,6.37839585441052
1323,27087,5.91272598928505
1324,27089,6.43251365081047
1325,27091,6.8543651818618
1326,27093,6.19362185064378
1327,27095,6.02187780856037
1328,27097,5.97975445870233
1329,27099,6.71643540586778
1330,27101,6.00195889054441
1331,27103,6.14265062242185
1332,27105,6.77182404481242
1333,27107,6.51067636018681
1334,27109,6.50713719711885
1335,27111,6.229411460482
1336,27113,6.79781348384781
1337,27115,5.6919865492437
1338,27117,6.69172793872447
1339,27119,6.61410724778481
1340,27121,6.10957536425648
1341,27123,7.32246367501573
1342,27125,6.29476273171925
1343,27127,6.37160177719659
1344,27129,6.37026292498411
1345,27131,6.40949482975274
1346,27133,6.83396359347579
1347,27135,6.40064575404696
1348,27137,4.97813010837753
1349,27139,6.09754934048088
1350,27141,5.8641116175324
1351,27143,6.16181354525154
1352,27145,6.37405939432562
1353,27147,6.60666870953631
1354,27149,6.43359220851326
1355,27151,6.49002711438209
1356,27153,6.20113427234384
1357,27155,6.39096892355256
1358,27157,6.52500723103894
1359,27159,6.17854449180091
1360,27161,6.63676240541388
1361,27163,6.6242352622871
1362,27165,6.77040224868433
1363,27167,6.396546493309
1364,27169,6.80268803210198
1365,27171,6.15058582670409
1366,27173,6.15222821804943
1367,29001,8.04181691568712
1368,29003,7.21927460239431
1369,29005,6.40601088830255
1370,29007,8.03689419562067
1371,29009,7.65316573475293
1372,29011,7.47570173036607
1373,29013,7.67199696228518
1374,29015,6.71222226752729
1375,29017,7.33792836851897
1376,29019,7.75361060039842
1377,29021,7.70679264201074
1378,29023,7.35099364303407
1379,29025,7.86817958934635
1380,29027,7.6340170443472
1381,29029,6.28390520703604
1382,29031,8.68213479041679
1383,29033,7.96284159010221
1384,29035,6.77536660814046
1385,29037,7.81371262741511
1386,29039,6.82531060506365
1387,29041,7.56433930021709
1388,29043,7.74340406008628
1389,29045,7.46906231264883
1390,29047,8.25442300893489
1391,29049,7.79116939497662
1392,29051,7.58263014225556
1393,29053,7.66618682688484
1394,29055,7.77779857345319
1395,29057,7.54029906000254
1396,29059,6.98125450974548
1397,29061,7.37732109450966
1398,29063,7.3943909618368
1399,29065,7.71957003704413
1400,29067,6.93818539389068
1401,29069,7.98130856852252
1402,29071,8.1630736418634
1403,29073,7.68478701418999
1404,29075,7.07121165776195
1405,29077,8.20372742021412
1406,29079,7.66272374622357
1407,29081,6.857302497488
1408,29083,7.90048718794899
1409,29085,6.53541964994287
1410,29087,6.52866020561889
1411,29089,7.71555157235804
1412,29091,7.73240783366337
1413,29093,7.23590866698024
1414,29095,8.30980009122491
1415,29097,8.15824058004838
1416,29099,8.01266741685068
1417,29101,7.99704552638083
1418,29103,7.72500859114016
1419,29105,7.66406718337972
1420,29107,7.95354304155058
1421,29109,8.12811643293472
1422,29111,7.6427111938106
1423,29113,7.88010401704524
1424,29115,8.26877714677533
1425,29117,7.81358782033564
1426,29119,7.25695541220812
1427,29121,8.09301344532956
1428,29123,7.52737023556355
1429,29125,7.26831940932868
1430,29127,7.84493425211077
1431,29129,7.2533045653897
1432,29131,7.26854242847907
1433,29133,8.87692468449645
1434,29135,7.97519523162683
1435,29137,7.84633807352941
1436,29139,7.97724150866296
1437,29141,7.14638413372234
1438,29143,8.19793255591897
1439,29145,7.63273410193757
1440,29147,7.20615114848096
1441,29149,7.58874463652238
1442,29151,7.17923532569534
1443,29153,6.73546486578217
1444,29155,7.69680756558811
1445,29157,8.15567102946603
1446,29159,8.15014945119784
1447,29161,7.68295497984764
1448,29163,7.63759650464463
1449,29165,7.5818824955778
1450,29167,7.64844243889906
1451,29169,7.13191948272564
1452,29171,7.71074364932717
1453,29173,7.26319188944625
1454,29175,8.13112488707012
1455,29177,7.7994051310973
1456,29179,6.41058405316607
1457,29181,7.16976127375887
1458,29183,8.58946489027283
1459,29185,6.85811401733809
1460,29186,7.71392610856985
1461,29187,7.90006760033048
1462,29189,9.69001909127948
1463,29195,7.91893252588789
1464,29197,7.84044201986008
1465,29199,7.67058519306215
1466,29201,8.71791216350693
1467,29203,6.77301235043241
1468,29205,7.658308178252
1469,29207,8.2084961722504
1470,29209,6.7703731032234
1471,29211,7.78488819183795
1472,29213,6.74653155026609
1473,29215,6.90755199515534
1474,29217,7.46872370858736
1475,29219,7.80267913419248
1476,29221,7.07348966898194
1477,29223,6.9318105620886
1478,29225,7.68435062758964
1479,29227,6.75052786734224
1480,29229,7.45508411799096
1481,29510,10.322884452918
1482,28001,7.48836550763229
1483,28003,7.48745124160078
1484,28005,7.10760380549844
1485,28007,7.11794180535678
1486,28009,6.59876345973193
1487,28011,8.0249249108215
1488,28013,6.92632624248095
1489,28015,6.88186593847315
1490,28017,7.78247793640754
1491,28019,6.83473487539488
1492,28021,7.39212423781758
1493,28023,7.27089699438202
1494,28025,8.18432376611418
1495,28027,8.17697107567588
1496,28029,7.47606166015824
1497,28031,7.37110929578904
1498,28033,7.69923174590083
1499,28035,8.25323978354285
1500,28037,7.06817879034245
1501,28039,7.28296637213216
1502,28041,6.97922690902778
1503,28043,7.16593692960833
1504,28045,7.80931426073892
1505,28047,8.17103026514524
1506,28049,8.56761925050452
1507,28051,7.19147403166997
1508,28053,7.63008719893333
1509,28055,6.82794596728307
1510,28057,7.02932241613606
1511,28059,7.82765143912707
1512,28061,7.06731105497597
1513,28063,7.05379194408491
1514,28065,7.42489945223032
1515,28067,7.71180367630348
1516,28069,6.97786721595256
1517,28071,6.70691701632489
1518,28073,7.66868898289554
1519,28075,7.92334493527367
1520,28077,7.44978222368319
1521,28079,6.9743382331443
1522,28081,7.94436335628995
1523,28083,7.61246668688306
1524,28085,7.6776671154894
1525,28087,8.12921729236019
1526,28089,7.99813663834123
1527,28091,7.77386926978736
1528,28093,6.90770309821236
1529,28095,7.68635598772608
1530,28097,7.46375498672769
1531,28099,7.30342286898504
1532,28101,7.41450988259669
1533,28103,8.029913197055
1534,28105,7.95137961863607
1535,28107,7.21667473823724
1536,28109,8.03224851649533
1537,28111,7.36594716
1538,28113,7.83089454509455
1539,28115,7.0166493096772
1540,28117,7.29026473176135
1541,28119,7.71082031983461
1542,28121,7.58435229965329
1543,28123,7.38765277915369
1544,28125,8.0201091903987
1545,28127,7.27885695705923
1546,28129,6.99503182463162
1547,28131,7.65438638873271
1548,28133,7.75508841290323
1549,28135,7.22885732995188
1550,28137,7.364028967666
1551,28139,7.13415797139259
1552,28141,7.24190826366559
1553,28143,7.64012168120245
1554,28145,7.34194338468342
1555,28147,7.69610673379525
1556,28149,7.48676329649601
1557,28151,7.96145727731388
1558,28153,7.29682352099099
1559,28155,6.98325386423486
1560,28157,7.10089299149625
1561,28159,7.21908454526513
1562,28161,6.96595190960719
1563,28163,7.56263751790486
1564,30001,7.86506173155959
1565,30003,5.68246510765643
1566,30005,5.24631683869974
1567,30007,6.32474034390592
1568,30009,4.74552632863663
1569,30011,4.49226607758621
1570,30013,6.06724221119677
1571,30015,5.20366880784449
1572,30017,6.26998516283443
1573,30019,5.49216977727013
1574,30021,5.76805707004238
1575,30023,7.41595087223059
1576,30025,5.53325370242215
1577,30027,5.42440740807872
1578,30029,6.65942038568978
1579,30031,6.57630383452683
1580,30033,4.6553711774461
1581,30035,5.25117609597731
1582,30037,5.2173375
1583,30039,6.68681800909386
1584,30041,5.28406994532803
1585,30043,6.57458490794319
1586,30045,5.35197969594595
1587,30047,6.70989579037083
1588,30049,7.0012027678839
1589,30051,5.41087736212056
1590,30053,6.5439381947478
1591,30055,5.22281726643599
1592,30057,6.38288008711481
1593,30059,5.218345943945
1594,30061,7.33305993132844
1595,30063,7.53079756292372
1596,30065,5.06376906126047
1597,30067,5.37006836147352
1598,30069,4.78066641700405
1599,30071,5.73597333176581
1600,30073,5.76391031041768
1601,30075,4.64959947217441
1602,30077,7.39068738152839
1603,30079,5.82435435114504
1604,30081,7.73289372003382
1605,30083,6.0177544171968
1606,30085,5.81295114532374
1607,30087,5.31117638362396
1608,30089,7.14281003855253
1609,30091,5.70357647754137
1610,30093,8.5255532628655
1611,30095,5.1767085433805
1612,30097,5.39577543686661
1613,30099,5.50114786102421
1614,30101,5.54358961495116
1615,30103,5.87914610027855
1616,30105,5.57293782874203
1617,30107,5.22647640221402
1618,30109,5.81678116027532
1619,30111,5.95743947111616
1620,37001,8.01539125196022
1621,37003,7.05223440857035
1622,37005,6.03438287584043
1623,37007,7.9021425968532
1624,37009,5.98299874124849
1625,37011,5.50191268303647
1626,37013,6.61440299105928
1627,37015,6.32573802274222
1628,37017,6.84090139528275
1629,37019,6.29590458992283
1630,37021,6.82050291618761
1631,37023,7.07227481696586
1632,37025,8.1420601401037
1633,37027,7.12503108564477
1634,37029,6.15270554008016
1635,37031,6.26511156072756
1636,37033,7.09330483536405
1637,37035,7.83225866848495
1638,37037,7.12123806456185
1639,37039,6.54700275980178
1640,37041,6.72065371932671
1641,37043,6.14741783130254
1642,37045,7.84533327127388
1643,37047,6.80772136011567
1644,37049,6.81686418018453
1645,37051,7.66532693079257
1646,37053,6.14016126640336
1647,37055,6.00555776886792
1648,37057,8.00506011671312
1649,37059,7.50849109990301
1650,37061,6.79860200051278
1651,37063,7.79432376453266
1652,37065,7.15902138226765
1653,37067,7.83626226629024
1654,37069,7.16714546165394
1655,37071,8.33162157346933
1656,37073,6.55395844715914
1657,37075,6.14696134860625
1658,37077,7.36673115344816
1659,37079,6.55529571856568
1660,37081,8.10161151869551
1661,37083,7.36457022270575
1662,37085,7.34686812169727
1663,37087,6.73977686767396
1664,37089,6.66315882677534
1665,37091,6.87386428229762
1666,37093,6.99166912314704
1667,37095,6.16936423063683
1668,37097,7.76825129505698
1669,37099,6.24566045615952
1670,37101,7.27592455014863
1671,37103,6.52925391312912
1672,37105,7.53590220544015
1673,37107,7.242225194218
1674,37109,7.95648291317958
1675,37111,6.70050337141079
1676,37113,6.10042460409174
1677,37115,6.15239199046426
1678,37117,6.74413754580698
1679,37119,8.54737696345696
1680,37121,6.03427440721484
1681,37123,7.47725265019066
1682,37125,7.22685273414394
1683,37127,7.31369809933222
1684,37129,7.10962679005462
1685,37131,6.98089070862935
1686,37133,6.45193705943568
1687,37135,7.4762610380341
1688,37137,6.29494300365186
1689,37139,6.82830990998746
1690,37141,6.30727687017638
1691,37143,6.45933050620679
1692,37145,7.55415826500101
1693,37147,7.18020528332184
1694,37149,6.38216592588981
1695,37151,7.63205953249337
1696,37153,7.74220299684813
1697,37155,7.3919292062936
1698,37157,7.60313676793781
1699,37159,8.06700922537348
1700,37161,7.05217974826722
1701,37163,6.81387344768331
1702,37165,7.46409143319413
1703,37167,8.16099697978047
1704,37169,7.1752464705386
1705,37171,7.10751349069537
1706,37173,6.20282811315357
1707,37175,6.20653892172862
1708,37177,5.59834615384615
1709,37179,8.39699503452696
1710,37181,7.6717951948395
1711,37183,7.62510236028471
1712,37185,7.0841750781995
1713,37187,6.60357285984276
1714,37189,5.65921395270072
1715,37191,7.40045530128932
1716,37193,6.54290997793481
1717,37195,7.59591030122855
1718,37197,7.13568819715669
1719,37199,5.9388173829835
1720,38001,6.08520882629108
1721,38003,6.5395472166998
1722,38005,6.28489303303303
1723,38007,5.19409798212005
1724,38009,6.67867066417794
1725,38011,5.98795634401777
1726,38013,6.48996557418699
1727,38015,6.70442533219363
1728,38017,7.0424696849337
1729,38019,6.46385204357626
1730,38021,6.6892067158253
1731,38023,6.27547623370353
1732,38025,5.93141660633484
1733,38027,7.03829885115304
1734,38029,6.06852213239437
1735,38031,6.92437112772958
1736,38033,6.10080942857143
1737,38035,7.09487996754461
1738,38037,6.24669214703425
1739,38039,6.72938731818182
1740,38041,6.28819936616875
1741,38043,6.355228275154
1742,38045,6.36757916163324
1743,38047,6.37269846231156
1744,38049,6.80303528822984
1745,38051,6.25540906372374
1746,38053,5.65215518710692
1747,38055,6.83810331733988
1748,38057,7.17988150997151
1749,38059,6.60877712824433
1750,38061,6.58067786393849
1751,38063,6.67890938259757
1752,38065,6.23980225352113
1753,38067,6.73893075003372
1754,38069,6.92938762680744
1755,38071,6.80671524495677
1756,38073,6.58561441268096
1757,38075,6.76371131578947
1758,38077,6.55021393419521
1759,38079,5.95116601205424
1760,38081,6.49035180464873
1761,38083,6.46434068887207
1762,38085,5.32477224897664
1763,38087,5.01787379642366
1764,38089,6.52202901814125
1765,38091,6.21216191392405
1766,38093,6.64552724881517
1767,38095,6.58894128673197
1768,38097,6.69127633050117
1769,38099,6.88462593848368
1770,38101,7.07159929517633
1771,38103,6.9574653339672
1772,38105,6.17354748325743
1773,31001,6.52087028886622
1774,31003,6.06459429020194
1775,31005,4.23322232608696
1776,31007,4.33931766666667
1777,31009,4.79660880753138
1778,31011,6.23226734786558
1779,31013,5.77091368323311
1780,31015,5.79724606955693
1781,31017,5.71846185055644
1782,31019,6.12068688299857
1783,31021,6.42217555555556
1784,31023,6.1440934032162
1785,31025,6.29005043342181
1786,31027,6.37403584048803
1787,31029,5.51793803580434
1788,31031,4.99335763521792
1789,31033,5.69795336067213
1790,31035,6.24632871904616
1791,31037,6.34731735805991
1792,31039,6.41913633548528
1793,31041,5.82104592375903
1794,31043,7.55757457821575
1795,31045,5.37609954149423
1796,31047,6.15514698059689
1797,31049,5.53195171561051
1798,31051,6.52510178333333
1799,31053,6.68636077185141
1800,31055,6.90902409700064
1801,31057,5.35436708665339
1802,31059,6.31995189473684
1803,31061,5.98537865736434
1804,31063,5.53224513425254
1805,31065,6.0304536317806
1806,31067,6.73060591457129
1807,31069,5.54367845405931
1808,31071,5.14590055148853
1809,31073,5.34110576810176
1810,31075,4.52366863192182
1811,31077,5.84900215524035
1812,31079,6.29037754688007
1813,31081,6.09445055129329
1814,31083,5.86185452527023
1815,31085,4.88823718717684
1816,31087,5.6832747696011
1817,31089,6.00654041686632
1818,31091,5.24662305706522
1819,31093,6.05848542715971
1820,31095,6.47219678150258
1821,31097,6.40976860839563
1822,31099,5.94380202958853
1823,31101,5.52529378585086
1824,31103,4.73798546116505
1825,31105,5.4812851557184
1826,31107,6.04783386392369
1827,31109,6.77175355625475
1828,31111,5.92588379133598
1829,31113,4.80965338138925
1830,31115,4.67486950949367
1831,31117,4.4021287012987
1832,31119,6.58692134075009
1833,31121,6.13369572848948
1834,31123,5.50419494843316
1835,31125,6.08034514323962
1836,31127,6.79382334161148
1837,31129,6.51891184222222
1838,31131,6.6622648729352
1839,31133,6.72819559682654
1840,31135,5.77872394276094
1841,31137,6.24591596756639
1842,31139,6.36801964629783
1843,31141,6.26159125756119
1844,31143,5.90933182389937
1845,31145,6.08735295160561
1846,31147,7.18081531149109
1847,31149,5.61984946264744
1848,31151,6.49700573943662
1849,31153,6.77628112194661
1850,31155,6.25758080173244
1851,31157,5.7386724830944
1852,31159,6.12428526328358
1853,31161,5.21563596269885
1854,31163,5.84636344225888
1855,31165,4.54955077803204
1856,31167,6.2076898303149
1857,31169,6.29183852716144
1858,31171,4.91533037094281
1859,31173,6.28642698559078
1860,31175,5.982848342723
1861,31177,6.08278003558367
1862,31179,6.22513491922876
1863,31181,6.12060389296957
1864,31183,4.84992611246944
1865,31185,6.08923784559093
1866,33001,4.95385416888563
1867,33003,4.66540152306663
1868,33005,5.76176640870366
1869,33007,4.66353437543488
1870,33009,4.8483150333266
1871,33011,6.11508830093756
1872,33013,5.28289750793813
1873,33015,5.64028220897423
1874,33017,5.76747881235637
1875,33019,5.14042845503178
1876,34001,7.50533669436057
1877,34003,9.05985740165901
1878,34005,8.7182824009324
1879,34007,9.36629533293618
1880,34009,7.17516602231018
1881,34011,8.27312400451249
1882,34013,9.48870949406163
1883,34015,8.86373505241287
1884,34017,9.83509422202987
1885,34019,8.28475424927347
1886,34021,8.80007432977821
1887,34023,9.03069663050806
1888,34025,8.06339794982392
1889,34027,7.86213245805199
1890,34029,7.76820955960019
1891,34031,9.04380157687351
1892,34033,8.54281862945084
1893,34035,8.49075088837635
1894,34037,7.23509578320437
1895,34039,9.60877192921143
1896,34041,8.56613150820668
1897,35001,4.46184882021963
1898,35003,2.5756095114094
1899,35005,6.30302766014167
1900,35006,3.24327447800683
1901,35007,3.74240499709091
1902,35009,6.74856159169836
1903,35011,4.89999337784372
1904,35013,4.53422381321302
1905,35015,6.47210163313456
1906,35017,3.14185707901335
1907,35019,4.63854664817581
1908,35021,3.85227768345324
1909,35023,3.46184760114426
1910,35025,7.18820083272823
1911,35027,3.84976614821681
1912,35028,3.05816185961003
1913,35029,4.02741012671847
1914,35031,3.00947341912382
1915,35033,3.28537574062692
1916,35035,4.18137879821935
1917,35037,5.11043737860856
1918,35039,3.04422177930726
1919,35041,6.70953831804898
1920,35043,3.49060113787521
1921,35045,3.36027008520193
1922,35047,3.87013352975198
1923,35049,3.53077170382188
1924,35051,3.26799706539873
1925,35053,3.58540231781037
1926,35055,2.9137571940371
1927,35057,3.83706782823659
1928,35059,4.96344738843702
1929,35061,4.01254758191958
1930,32001,4.95392241548418
1931,32003,6.30364284564558
1932,32005,4.59798551652233
1933,32007,4.05312615776968
1934,32009,3.56434521072797
1935,32011,3.28607392551585
1936,32013,4.88951577262827
1937,32015,4.255075804329
1938,32017,3.51155795135641
1939,32019,4.22118770507888
1940,32021,4.26194601634535
1941,32023,4.84730718154098
1942,32027,4.83318909965941
1943,32029,3.47206172817955
1944,32031,5.296679714243
1945,32033,3.46621679760718
1946,32510,4.57669056156602
1947,36001,7.18668601639032
1948,36003,7.12151285212275
1949,36005,9.37008895701274
1950,36007,7.21197562293121
1951,36009,7.65023701009749
1952,36011,7.12479416014795
1953,36013,8.14742429598606
1954,36015,7.67936914848587
1955,36017,6.49044998137766
1956,36019,5.96260755174849
1957,36021,6.85126821002916
1958,36023,7.10472032775255
1959,36025,6.16379461483952
1960,36027,7.23323538932663
1961,36029,8.8109609744516
1962,36031,5.21695276606553
1963,36033,5.77574011124247
1964,36035,5.95429685220868
1965,36037,7.94511341933121
1966,36039,6.07588345441986
1967,36041,4.47304520678246
1968,36043,6.25393932918985
1969,36045,6.52404214361304
1970,36047,9.46112269766838
1971,36049,6.10457995126814
1972,36051,7.46806986191183
1973,36053,6.29704846668119
1974,36055,8.25044110134561
1975,36057,6.71691794838607
1976,36059,8.30693423441172
1977,36061,9.11068287012895
1978,36063,8.40763619312696
1979,36065,6.60382066609048
1980,36067,7.52117646578563
1981,36069,7.38732510381633
1982,36071,7.17748622336131
1983,36073,7.90222764965138
1984,36075,6.68257897796231
1985,36077,6.30122379832635
1986,36079,6.7547879375188
1987,36081,9.26689393328259
1988,36083,6.81872669150531
1989,36085,8.95884294892582
1990,36087,7.86895177087912
1991,36089,6.38212581647967
1992,36091,6.056114399541
1993,36093,7.10336519973889
1994,36095,6.06846976121408
1995,36097,6.52194617565284
1996,36099,7.32055510595444
1997,36101,7.14880502313365
1998,36103,7.76449699361168
1999,36105,6.10682661650354
2000,36107,6.81817627833741
2001,36109,6.62719333553227
2002,36111,6.33438300323848
2003,36113,5.6084938933447
2004,36115,6.45638788107441
2005,36117,7.35047174615024
2006,36119,8.37962341455654
2007,36121,7.57261115431147
2008,36123,7.22182334503708
2009,39001,7.98600883677758
2010,39003,9.92197007166302
2011,39005,8.81313532471443
2012,39007,8.7963853195661
2013,39009,8.31046170776904
2014,39011,9.47967562057934
2015,39013,9.48908629971591
2016,39015,8.26848715827499
2017,39017,9.88035173061147
2018,39019,9.3321571705507
2019,39021,8.56034772651321
2020,39023,8.83262786927197
2021,39025,8.67168122064419
2022,39027,8.56421349405328
2023,39029,9.56631524531486
2024,39031,8.90064967046963
2025,39033,9.4029170633108
2026,39035,10.0917991358324
2027,39037,9.07514877414604
2028,39039,9.43373155109255
2029,39041,9.20652256362864
2030,39043,9.2087967873221
2031,39045,8.75176027655382
2032,39047,8.70742188563555
2033,39049,9.74000598595169
2034,39051,8.99859929223851
2035,39053,7.5566101351264
2036,39055,8.37883301513026
2037,39057,9.02790353468711
2038,39059,8.79580214807793
2039,39061,9.65778915240275
2040,39063,9.53906885694419
2041,39065,9.1114983168008
2042,39067,9.30901687153303
2043,39069,9.20655476058834
2044,39071,8.43036985202689
2045,39073,7.98909710245065
2046,39075,8.53966601496483
2047,39077,9.42090145339282
2048,39079,8.05568287915726
2049,39081,9.81853889512115
2050,39083,8.76057362682819
2051,39085,9.41391642163788
2052,39087,7.65981242081665
2053,39089,8.96467879003195
2054,39091,8.87794780409089
2055,39093,9.65114775398532
2056,39095,9.99315210642463
2057,39097,8.61480382019109
2058,39099,9.9306145241455
2059,39101,9.29081773462053
2060,39103,8.70037575058608
2061,39105,7.61226205889777
2062,39107,9.15600569951487
2063,39109,9.15768805201647
2064,39111,8.06600202704549
2065,39113,9.65450653852263
2066,39115,8.14324369602763
2067,39117,8.56424920894708
2068,39119,9.01380371029579
2069,39121,8.50385928781154
2070,39123,8.94485746186154
2071,39125,9.10875530335475
2072,39127,8.54190574879361
2073,39129,8.55421045459442
2074,39131,7.65131486920478
2075,39133,8.95681332600252
2076,39135,9.21389491412349
2077,39137,9.07446597234702
2078,39139,9.14666931166901
2079,39141,8.37150616827219
2080,39143,9.71819120832239
2081,39145,7.7606546273538
2082,39147,9.54353330795665
2083,39149,9.20443296076725
2084,39151,9.99364909152631
2085,39153,9.40825454864604
2086,39155,9.72416037805736
2087,39157,9.59487425255449
2088,39159,8.82104378107075
2089,39161,9.46985302706652
2090,39163,7.565624112393
2091,39165,9.43115128532674
2092,39167,8.37723360500502
2093,39169,8.85738852331471
2094,39171,9.27286280325169
2095,39173,9.67162836980428
2096,39175,9.21392138890117
2097,40001,7.45130550985319
2098,40003,7.41324147288196
2099,40005,8.02534912917783
2100,40007,5.80485092086586
2101,40009,6.63991527103395
2102,40011,7.47387138239973
2103,40013,8.37662381931347
2104,40015,7.30639211047297
2105,40017,7.65730963406929
2106,40019,8.81595218222344
2107,40021,7.15359022644561
2108,40023,8.77926351857941
2109,40025,5.60124554747475
2110,40027,7.99947002377275
2111,40029,8.07853783459916
2112,40031,8.03205494947541
2113,40033,7.95713444372679
2114,40035,8.15053235345
2115,40037,7.66579251004045
2116,40039,7.42980299719684
2117,40041,6.94806928869284
2118,40043,6.31183826403326
2119,40045,6.20754657191038
2120,40047,7.8382795932651
2121,40049,8.92058676167682
2122,40051,7.46548452194313
2123,40053,7.35828986304396
2124,40055,6.33482665010418
2125,40057,6.25235616358658
2126,40059,6.59232940841248
2127,40061,7.98039432610228
2128,40063,8.4203220645576
2129,40065,7.28424551236482
2130,40067,8.48717896477132
2131,40069,7.75435502144748
2132,40071,7.98920977750097
2133,40073,7.51629481176001
2134,40075,7.08862496188863
2135,40077,7.85381152232383
2136,40079,8.16258202921562
2137,40081,7.40260950923467
2138,40083,7.27078242018734
2139,40085,8.04230575825109
2140,40087,7.42231139425028
2141,40089,8.27335986455914
2142,40091,7.8736774269208
2143,40093,7.05653997210044
2144,40095,7.96896117550505
2145,40097,7.80767544656923
2146,40099,8.10434221085409
2147,40101,8.5646681204395
2148,40103,7.65883889628925
2149,40105,8.11553534643128
2150,40107,7.4823685899434
2151,40109,8.07082598973328
2152,40111,8.1824794764032
2153,40113,7.32836697295248
2154,40115,7.96875864858076
2155,40117,7.07163325330277
2156,40119,7.7715547564318
2157,40121,8.46996647839082
2158,40123,8.11352070548384
2159,40125,7.89958620301835
2160,40127,7.83485416436225
2161,40129,5.76168605703318
2162,40131,8.00882333651689
2163,40133,8.03880202024959
2164,40135,7.93608308414522
2165,40137,8.27865910184692
2166,40139,6.31967958478682
2167,40141,7.67456958333333
2168,40143,8.56969817024443
2169,40145,8.15748475295888
2170,40147,8.27344112209667
2171,40149,6.96646670822943
2172,40151,7.18914755350304
2173,40153,6.66548584980828
2174,41001,5.94155811516053
2175,41003,6.73837259795043
2176,41005,6.69820800852146
2177,41007,5.04329644590837
2178,41009,5.52383108407124
2179,41011,5.47326317545168
2180,41013,6.26453958527982
2181,41015,4.68048228358075
2182,41017,6.28577275795173
2183,41019,6.17460765629209
2184,41021,5.96027011223944
2185,41023,4.55917628744124
2186,41025,6.36398480059283
2187,41027,5.73101543408216
2188,41029,8.67427473519483
2189,41031,5.4718914645488
2190,41033,6.74826388125204
2191,41035,7.61786188656222
2192,41037,6.21575136162128
2193,41039,6.95145787060546
2194,41041,4.71410041534518
2195,41043,6.95963401818774
2196,41045,7.5135287181043
2197,41047,7.17829752437884
2198,41049,6.55441406784212
2199,41051,7.2704340966826
2200,41053,6.72101318833468
2201,41055,5.65427472521246
2202,41057,5.53401778415842
2203,41059,7.15651707269828
2204,41061,6.58335180169334
2205,41063,7.07678616295662
2206,41065,5.90279102685123
2207,41067,7.48369334281022
2208,41069,4.45513122137405
2209,41071,6.85736459165465
2210,42001,9.24711108572387
2211,42003,10.2061063064067
2212,42005,8.79311360554677
2213,42007,9.68660598144706
2214,42009,7.82555585748161
2215,42011,9.87266631561678
2216,42013,8.82142375059997
2217,42015,7.34483331560793
2218,42017,9.10521796932102
2219,42019,9.0106305218044
2220,42021,8.30397112695662
2221,42023,7.13000956735497
2222,42025,8.31784317889929
2223,42027,8.57411259802585
2224,42029,9.29718622138124
2225,42031,7.96051395518656
2226,42033,7.98716821721663
2227,42035,8.09869250802793
2228,42037,8.76372271104837
2229,42039,8.34340795324734
2230,42041,10.3254143960222
2231,42043,10.2228786499441
2232,42045,10.1338749128143
2233,42047,7.26877152914293
2234,42049,8.76649243315298
2235,42051,8.97596116649342
2236,42053,6.90660650855365
2237,42055,9.49018841736957
2238,42057,7.64704574604244
2239,42059,8.78715792327974
2240,42061,8.33735931283079
2241,42063,8.62196544779478
2242,42065,7.90717543716814
2243,42067,8.71302415245981
2244,42069,8.27179453112103
2245,42071,10.2029291433934
2246,42073,9.62441997771875
2247,42075,10.3148665779977
2248,42077,9.62856224823103
2249,42079,8.4400764747381
2250,42081,8.25584234895919
2251,42083,7.45425676087457
2252,42085,9.23690527023783
2253,42087,8.82049824579067
2254,42089,7.52971778441139
2255,42091,9.41243017423994
2256,42093,8.95673223791537
2257,42095,9.34126589870187
2258,42097,9.27111016037576
2259,42099,8.97741252518001
2260,42101,10.0601304260272
2261,42103,6.59202891631369
2262,42105,6.77817900498367
2263,42107,8.93925935733601
2264,42109,8.79057857211224
2265,42111,7.96767894625814
2266,42113,6.33441576073429
2267,42115,6.69217320947504
2268,42117,7.30610894690455
2269,42119,9.03848890515496
2270,42121,8.61592734413648
2271,42123,7.53096489178524
2272,42125,9.64146127514195
2273,42127,6.99026757468479
2274,42129,9.50578274478392
2275,42131,6.9604581387042
2276,42133,9.53981619918064
2277,44001,5.98426902516291
2278,44003,6.64183525048448
2279,44005,5.80664401204034
2280,44007,6.85394833374025
2281,44009,6.0946434723852
2282,45001,7.79622575441634
2283,45003,7.44599309208677
2284,45005,7.92497380650734
2285,45007,7.95174087197931
2286,45009,7.48640191718271
2287,45011,7.52080452234649
2288,45013,6.25617818329193
2289,45015,7.46778846623145
2290,45017,6.846341476771
2291,45019,7.33811505815099
2292,45021,7.66354863955043
2293,45023,8.11869317350634
2294,45025,7.78952595690504
2295,45027,7.15527417774728
2296,45029,6.80712070554356
2297,45031,7.83419782458031
2298,45033,7.46627299263926
2299,45035,7.18271338464355
2300,45037,7.41204383361127
2301,45039,7.50539228168309
2302,45041,7.83694179457209
2303,45043,6.96265461085807
2304,45045,7.76563718251427
2305,45047,8.07332288698124
2306,45049,7.27989472356567
2307,45051,6.82796404009046
2308,45053,6.60360657504944
2309,45055,7.51197255652625
2310,45057,8.07504085333716
2311,45059,7.77097970783173
2312,45061,7.5212582471384
2313,45063,7.49601399956553
2314,45065,7.26922147464087
2315,45067,7.6616849936483
2316,45069,7.74587382919158
2317,45071,7.81678031246667
2318,45073,7.1696496352645
2319,45075,7.43137544858974
2320,45077,7.4043712645105
2321,45079,7.97597903085534
2322,45081,7.40001165584906
2323,45083,7.66962465880193
2324,45085,7.69670501479675
2325,45087,7.63649053969131
2326,45089,7.28608095285129
2327,45091,8.22653942637997
2328,46003,6.61612962361624
2329,46005,6.81016778365329
2330,46007,4.16335966773535
2331,46009,6.39983107213579
2332,46011,6.56411617738151
2333,46013,6.53947918261203
2334,46015,5.96499426831589
2335,46017,5.23546802824268
2336,46019,5.33368044906034
2337,46021,5.81989397680764
2338,46023,6.33893185014788
2339,46025,6.01270815768085
2340,46027,6.70012727423543
2341,46029,6.35203896169244
2342,46031,5.42923932098765
2343,46033,4.35809381329114
2344,46035,7.23865517124692
2345,46037,5.89232176182137
2346,46039,5.50003736480293
2347,46041,4.97726775702698
2348,46043,6.05893106262492
2349,46045,6.04401625399165
2350,46047,4.11858544403721
2351,46049,5.53762122250423
2352,46051,6.39252163539967
2353,46053,5.30831315382814
2354,46055,4.73270158492514
2355,46057,6.07423458749788
2356,46059,6.05189366365491
2357,46061,6.47697402281597
2358,46063,4.8027809561753
2359,46065,5.68045714722124
2360,46067,6.4531806046575
2361,46069,5.84894454929577
2362,46071,4.38456266248763
2363,46073,6.19140325446644
2364,46075,5.36804257455268
2365,46077,6.41740271561772
2366,46079,6.58133104196429
2367,46081,4.93285681869112
2368,46083,7.01838257316856
2369,46085,5.51799567509987
2370,46087,6.68336145247419
2371,46089,5.8798060756405
2372,46091,6.28359012457045
2373,46093,5.25777671935205
2374,46095,4.4659946875
2375,46097,6.74725923817497
2376,46099,7.29876546073595
2377,46101,6.79738649552883
2378,46103,5.16916359085866
2379,46105,5.82296895707579
2380,46107,5.74799256762559
2381,46109,6.26742095970046
2382,46111,6.6691863014862
2383,46113,4.14829252244958
2384,46115,6.27226617303196
2385,46117,5.45722392110587
2386,46119,5.67473898033503
2387,46121,4.36314075530587
2388,46123,5.26547453047484
2389,46125,6.82294898406613
2390,46127,6.90222997013682
2391,46129,6.19097205406399
2392,46135,6.75868044656387
2393,46137,4.63474640128526
2394,47001,8.2686586065301
2395,47003,8.23478044120911
2396,47005,7.70966698829523
2397,47007,6.99835591332712
2398,47009,8.58559886342574
2399,47011,7.97399810504936
2400,47013,7.69995068547991
2401,47015,6.90007140931817
2402,47017,7.96086806149639
2403,47019,6.83042046670382
2404,47021,7.61780763048204
2405,47023,7.2989059955636
2406,47025,7.49681353273523
2407,47027,6.59234428062587
2408,47029,7.28502105686725
2409,47031,7.91099079892416
2410,47033,7.51248868504045
2411,47035,6.83852597844897
2412,47037,8.73859303838795
2413,47039,7.03686797142128
2414,47041,7.02424063237729
2415,47043,7.91577594692546
2416,47045,7.82603793165515
2417,47047,6.99210154504985
2418,47049,6.2626578194777
2419,47051,7.93892909285784
2420,47053,8.19438038101564
2421,47055,7.84272579277599
2422,47057,7.22644790131085
2423,47059,7.78895232337174
2424,47061,7.06122391884989
2425,47063,8.10239803578281
2426,47065,8.27209467064729
2427,47067,6.48348804810089
2428,47069,6.76479036216196
2429,47071,7.11436942711135
2430,47073,7.38358196910246
2431,47075,7.79498762708256
2432,47077,7.36913656019302
2433,47079,8.14256709650479
2434,47081,7.45010067962738
2435,47083,7.96132966294802
2436,47085,7.6982641174884
2437,47087,6.29953751847396
2438,47089,8.00167659190383
2439,47091,5.90569666410875
2440,47093,8.69927252127359
2441,47095,7.81388900153218
2442,47097,7.51581668092756
2443,47099,8.16922382645872
2444,47101,7.58823919990132
2445,47103,7.88672156350229
2446,47105,8.52841741473762
2447,47107,7.8839067322925
2448,47109,6.96159213537871
2449,47111,7.01277702445164
2450,47113,7.87250130659043
2451,47115,7.70199396890605
2452,47117,7.98883269327498
2453,47119,8.01477155985968
2454,47121,7.10189886752319
2455,47123,7.89110363058469
2456,47125,8.44649700407936
2457,47127,7.23301789374411
2458,47129,6.80660057852367
2459,47131,8.1799596441035
2460,47133,6.51740588506996
2461,47135,6.91986485660139
2462,47137,6.57731705928698
2463,47139,7.37665735037147
2464,47141,7.21578476251711
2465,47143,7.44166456600333
2466,47145,7.83003769328731
2467,47147,8.29511773486414
2468,47149,8.17837706017425
2469,47151,6.87451756163397
2470,47153,7.37425649801587
2471,47155,7.28600373760972
2472,47157,8.22270626420265
2473,47159,7.01844126473964
2474,47161,7.52093743470429
2475,47163,7.28143259668543
2476,47165,8.33016514668991
2477,47167,7.20979327761497
2478,47169,7.40070186658196
2479,47171,6.83467614645334
2480,47173,7.34289810822126
2481,47175,6.56424407173756
2482,47177,7.91839594292025
2483,47179,7.51049741386741
2484,47181,6.9999679443041
2485,47183,8.22459109163074
2486,47185,7.32216358267869
2487,47187,8.18930719393827
2488,47189,8.06543823761108
2489,48001,7.87811219815936
2490,48003,6.14748398079264
2491,48005,7.92102701651473
2492,48007,8.16559712367217
2493,48009,6.83973142478463
2494,48011,6.27491871120463
2495,48013,8.21891668410857
2496,48015,8.96670231410775
2497,48017,6.79764340963015
2498,48019,6.19666096851355
2499,48021,7.65207474956519
2500,48023,7.28098439881911
2501,48025,8.81421724710461
2502,48027,8.14971046400309
2503,48029,8.87285395214993
2504,48031,6.11039611603315
2505,48033,6.09164850234009
2506,48035,7.79474253898528
2507,48037,8.78360435607411
2508,48039,9.3209273281263
2509,48041,8.530773651816
2510,48043,5.6899289157279
2511,48045,6.67840927306048
2512,48047,9.23291860861138
2513,48049,6.78525687608251
2514,48051,8.05945025309827
2515,48053,6.99225519438597
2516,48055,8.43193905296065
2517,48057,8.31128307328937
2518,48059,6.05412983461311
2519,48061,8.89977672876766
2520,48063,9.20382482299815
2521,48065,6.53444129407959
2522,48067,7.99788902639181
2523,48069,6.60742381294964
2524,48071,8.38470830863916
2525,48073,7.99462130966663
2526,48075,6.44731314017895
2527,48077,7.11208317429316
2528,48079,6.62317350495683
2529,48081,6.13613433433735
2530,48083,6.33391372456436
2531,48085,8.75024321067156
2532,48087,6.77456573765129
2533,48089,8.76146960764587
2534,48091,7.83900422459252
2535,48093,7.21104910118792
2536,48095,5.22841200146807
2537,48097,8.2004691976481
2538,48099,7.5506482766488
2539,48101,6.30845871760797
2540,48103,5.46362971657143
2541,48105,5.7144313068029
2542,48107,6.82575037629972
2543,48109,5.55468574228524
2544,48111,6.10526715202148
2545,48113,9.22988068041192
2546,48115,7.34188457890552
2547,48117,6.69047414567417
2548,48119,8.53441722615179
2549,48121,8.70451626461258
2550,48123,9.01288582027168
2551,48125,5.51920923076923
2552,48127,7.18946368947579
2553,48129,6.14913062822953
2554,48131,8.2320751994568
2555,48133,6.59574382715385
2556,48135,6.71843586013272
2557,48137,5.50074393606394
2558,48139,8.55264252663592
2559,48141,5.97715026783339
2560,48143,7.36796005278438
2561,48145,8.28775041699317
2562,48147,8.35313792481203
2563,48149,8.59048294167956
2564,48151,6.40861458228485
2565,48153,6.93360079894508
2566,48155,6.49919595808383
2567,48157,9.17851703608798
2568,48159,8.79003688071664
2569,48161,8.18845722244651
2570,48163,8.44464547307893
2571,48165,6.67896118909049
2572,48167,9.18375681815529
2573,48169,6.2491705479028
2574,48171,5.99196467528284
2575,48173,5.90404484502447
2576,48175,8.04050162135922
2577,48177,8.43256017821982
2578,48179,7.91451795606834
2579,48181,8.5559752268008
2580,48183,9.89251631701306
2581,48185,8.56586411892948
2582,48187,8.49935933339922
2583,48189,7.17484017754252
2584,48191,6.54207344467641
2585,48193,6.46137707408712
2586,48195,6.66206500445395
2587,48197,6.66973404928727
2588,48199,7.00235009682438
2589,48201,9.69979688545933
2590,48203,8.46057854367601
2591,48205,5.61073189706368
2592,48207,6.81530254280386
2593,48209,7.79152562260116
2594,48211,5.92961024954032
2595,48213,8.31084187261244
2596,48215,9.33738937238067
2597,48217,7.9929626219043
2598,48219,7.06375841944626
2599,48221,7.70842713668868
2600,48223,9.19630416569495
2601,48225,8.39457869248272
2602,48227,7.9628061784531
2603,48229,5.2588537543153
2604,48231,8.48523446086684
2605,48233,6.1675899227991
2606,48235,7.82139486554096
2607,48237,6.71578327620522
2608,48239,9.11514314387211
2609,48241,6.94524491935032
2610,48243,7.2646209735269
2611,48245,9.36778964574092
2612,48247,9.16857999245283
2613,48249,9.18385822248886
2614,48251,8.52260528953052
2615,48253,6.51613394762895
2616,48255,8.92512595588235
2617,48257,8.75115030208031
2618,48259,6.63737000239449
2619,48261,8.42539528846154
2620,48263,5.39802035891089
2621,48265,6.26487266982368
2622,48267,5.71475217929238
2623,48269,4.91259636363636
2624,48271,6.38060988882713
2625,48273,9.40219649012819
2626,48275,7.19289170475934
2627,48277,8.44749198682546
2628,48279,6.82222326965729
2629,48281,6.9241416826752
2630,48283,7.74481673540517
2631,48285,8.74875317603696
2632,48287,8.01728145196244
2633,48289,7.87628078923874
2634,48291,7.59091467472205
2635,48293,8.58589327531646
2636,48295,6.4419584766808
2637,48297,8.32802914664817
2638,48299,6.79214348686597
2639,48301,5.08145829268293
2640,48303,7.23357007606758
2641,48305,6.86992467624683
2642,48307,6.29760800555354
2643,48309,8.36034457923595
2644,48311,7.08943888260255
2645,48313,8.51703958943208
2646,48315,7.78729121373032
2647,48317,7.36741965201084
2648,48319,5.50955896560319
2649,48321,8.94801397798485
2650,48323,8.55007340410631
2651,48325,7.38389517106464
2652,48327,5.64834300624443
2653,48329,7.2268471114618
2654,48331,8.13587097305813
2655,48333,6.37245505470016
2656,48335,7.35879345208976
2657,48337,7.78043545717328
2658,48339,7.88025034260312
2659,48341,6.51487169649379
2660,48343,8.93676301453533
2661,48345,5.76019579338843
2662,48347,7.78764024285537
2663,48349,8.92885496805279
2664,48351,6.25939734856352
2665,48353,7.28985139984227
2666,48355,9.30081268503305
2667,48357,6.48473722390688
2668,48359,5.5108209454191
2669,48361,7.72751686022215
2670,48363,7.49429464231084
2671,48365,8.08065837115482
2672,48367,7.79471604214595
2673,48369,6.55081114032525
2674,48371,7.5336424337396
2675,48373,7.00672069209257
2676,48375,6.67596663971323
2677,48377,6.004805796879
2678,48379,8.14577721275426
2679,48381,6.5121827264444
2680,48383,7.15343744876745
2681,48385,5.81088136597159
2682,48387,8.76583052877138
2683,48389,6.86387134223319
2684,48391,9.13153649600434
2685,48393,5.46246708288482
2686,48395,8.317026103357
2687,48397,8.50612993157767
2688,48399,6.69093810494239
2689,48401,8.42822010275642
2690,48403,6.90464860808566
2691,48405,7.2465023034405
2692,48407,6.85336524181322
2693,48409,9.1531135218505
2694,48411,6.77275986462241
2695,48413,5.53316577289801
2696,48415,9.49148450741682
2697,48417,5.9254122794553
2698,48419,7.65403205281358
2699,48421,6.20561570533949
2700,48423,8.61244432946775
2701,48425,7.32720241813899
2702,48427,7.92026103037659
2703,48429,6.41913725649014
2704,48431,5.80608155730534
2705,48433,5.49017183892617
2706,48435,5.83486855620155
2707,48437,6.56430658645276
2708,48439,9.14167887342637
2709,48441,7.19954108048302
2710,48443,5.62463860772358
2711,48445,7.23319998498142
2712,48447,6.18305869591712
2713,48449,9.21750205325663
2714,48451,7.31843914256423
2715,48453,8.31189358502576
2716,48455,7.63223735550223
2717,48457,6.62260621381972
2718,48459,8.35584572718716
2719,48461,6.25727266766021
2720,48463,7.14109125658019
2721,48465,7.40404681662882
2722,48467,8.73605892371479
2723,48469,9.09206388694941
2724,48471,8.05033206097759
2725,48473,8.59467328434209
2726,48475,6.35854792456371
2727,48477,8.66629133756451
2728,48479,8.28101687719733
2729,48481,9.1303577495155
2730,48483,5.96114336968577
2731,48485,8.01784208745247
2732,48487,7.02122095973402
2733,48489,9.20916668699738
2734,48491,8.11460112432839
2735,48493,8.24788912460972
2736,48495,6.65403019690577
2737,48497,7.96023378304328
2738,48499,8.25389213754647
2739,48501,5.85052957735753
2740,48503,6.74342816765499
2741,48505,7.41652947781424
2742,48507,7.87148096942708
2743,49001,3.92962654548197
2744,49003,6.23317022451226
2745,49005,6.52275570018463
2746,49007,4.53115494042891
2747,49009,3.37251445703494
2748,49011,6.7146261903752
2749,49013,4.2343025124953
2750,49015,4.54627113064869
2751,49017,3.08238544856922
2752,49019,3.75240728780488
2753,49021,4.0908014357819
2754,49023,5.60445526644544
2755,49025,2.98602952280702
2756,49027,4.97780282732144
2757,49029,5.29664367515049
2758,49031,3.30478415809769
2759,49033,4.25548471289753
2760,49035,7.03761323308293
2761,49037,2.87143117048691
2762,49039,5.07169660340738
2763,49041,4.77200411931545
2764,49043,4.92431414051316
2765,49045,5.94988085111134
2766,49047,4.4056198576163
2767,49049,6.50296787248047
2768,49051,5.4731650718232
2769,49053,3.70557468414003
2770,49055,3.31340976961843
2771,49057,6.69479304680067
2772,51001,6.4926155891931
2773,51003,7.4938382667475
2774,51005,7.03409671692308
2775,51007,7.07950836958235
2776,51009,6.92818661484252
2777,51011,7.11144390903627
2778,51013,8.98393781613181
2779,51015,7.4921356219661
2780,51017,6.22240797505813
2781,51019,7.06080795416157
2782,51021,5.97692958528722
2783,51023,7.20468299987933
2784,51025,7.20903610703224
2785,51027,6.26537420864802
2786,51029,6.87863271841829
2787,51031,7.23592638999307
2788,51033,6.85289787143107
2789,51035,6.46532751214966
2790,51036,6.57851328693495
2791,51037,7.15075479103766
2792,51041,7.51534934985264
2793,51043,8.80116562491093
2794,51045,6.44054917533719
2795,51047,7.94736368759237
2796,51049,6.87300110724234
2797,51051,6.38224863170471
2798,51053,7.41276872147423
2799,51057,6.45770260425074
2800,51059,8.53482384337623
2801,51061,8.05490019523642
2802,51063,6.3998851377708
2803,51065,6.98365781869137
2804,51067,6.98067736035186
2805,51069,8.41850064695741
2806,51071,6.94071157699873
2807,51073,6.18214487628195
2808,51075,7.05527378827647
2809,51077,6.20255864868345
2810,51079,6.93134086779329
2811,51081,7.06446607530834
2812,51083,7.311134336249
2813,51085,7.19733511620921
2814,51087,7.73787180569176
2815,51089,7.20610447895699
2816,51091,5.84804763894873
2817,51093,6.9770394910689
2818,51095,6.95009211255205
2819,51097,6.54748282073434
2820,51099,6.80709255172999
2821,51101,6.73369564229683
2822,51103,6.32517461504697
2823,51105,6.82174432602493
2824,51107,8.36112694384764
2825,51109,7.04659559315899
2826,51111,7.22980113752517
2827,51113,7.17953001953712
2828,51115,5.89777391401203
2829,51117,7.43207420264613
2830,51119,6.36388673327858
2831,51121,7.45152150277566
2832,51125,6.48675899866844
2833,51127,6.70787036518531
2834,51131,7.24228652110743
2835,51133,6.4220336512571
2836,51135,7.56861060493282
2837,51137,7.52114193990622
2838,51139,8.03287913651111
2839,51141,6.4314084407788
2840,51143,7.11994631042736
2841,51145,7.01045462383228
2842,51147,7.3549161083533
2843,51149,7.14519696962911
2844,51153,8.00437063124064
2845,51155,7.47719128842624
2846,51157,7.11312129933541
2847,51159,6.69405371406959
2848,51161,7.72074569368667
2849,51163,6.95509220155108
2850,51165,7.79183151322169
2851,51167,6.62108634910198
2852,51169,6.62942981058808
2853,51171,8.03222769723525
2854,51173,6.84968597460258
2855,51175,7.08488247549812
2856,51177,7.33772511058278
2857,51179,7.34319508370748
2858,51181,6.68882465287617
2859,51183,7.09079912716141
2860,51185,6.82959129752873
2861,51187,8.15317200532269
2862,51191,6.97663962952839
2863,51193,6.77652100607311
2864,51195,6.6952705186722
2865,51197,7.0514095539593
2866,51199,7.0492119264023
2867,51510,8.99516966563308
2868,51515,7.7792362214722
2869,51520,7.57981276422764
2870,51530,7.91046002556391
2871,51540,8.62802671696377
2872,51550,8.13448037946258
2873,51570,8.30929869220608
2874,51580,7.85710463848348
2875,51590,8.10162312274997
2876,51595,7.84335888813902
2877,51600,8.66310430755595
2878,51610,9.05636545004865
2879,51620,8.16059681076672
2880,51630,8.10152071028576
2881,51640,6.93761263277478
2882,51650,7.53849430076545
2883,51660,8.36625747229832
2884,51670,8.4320939799035
2885,51678,8.20673861261005
2886,51680,7.70918394465911
2887,51683,9.20975495571244
2888,51685,8.93054954739718
2889,51690,8.19557135663121
2890,51700,8.06816665641133
2891,51710,8.23998092338233
2892,51720,7.14075771601819
2893,51730,8.33583307711289
2894,51735,6.87798957283951
2895,51740,8.80780866509656
2896,51750,7.63845658642126
2897,51760,8.46683126964851
2898,51770,8.58806498990024
2899,51775,8.36487216998629
2900,51790,8.06170036006064
2901,51800,7.58304097239463
2902,51810,7.94531174803764
2903,51820,8.41922241407217
2904,51830,7.37665403682115
2905,51840,9.46654459145899
2906,50001,5.9807629746612
2907,50003,6.0442749850505
2908,50005,4.92090757485509
2909,50007,6.12937203289789
2910,50009,4.3970988867745
2911,50011,6.07863530494701
2912,50013,5.72093862984218
2913,50015,4.82116731685393
2914,50017,4.78332224979265
2915,50019,4.96049829936469
2916,50021,5.92176301109633
2917,50023,5.12842584993449
2918,50025,5.47999234358502
2919,50027,5.22477599470619
2920,53001,7.64166095899188
2921,53003,8.34822407205291
2922,53005,7.76537744058866
2923,53007,5.43919109602087
2924,53009,5.15044370427427
2925,53011,6.61530872551209
2926,53013,7.82483134379598
2927,53015,5.96234291328972
2928,53017,5.49742054279098
2929,53019,5.43352947159317
2930,53021,7.81661681255837
2931,53023,7.62938588261253
2932,53025,6.55411583034111
2933,53027,5.57066859403547
2934,53029,4.72855568045754
2935,53031,4.66297918987681
2936,53033,6.00819917603582
2937,53035,5.06676204656497
2938,53037,6.15580887302945
2939,53039,5.3511887124717
2940,53041,5.24492937578689
2941,53043,6.84862813150426
2942,53045,4.86380955567637
2943,53047,5.00347219990272
2944,53049,5.62308252629063
2945,53051,7.25293398353973
2946,53053,5.83119602543934
2947,53055,4.48363423362293
2948,53057,5.45666062625641
2949,53059,5.1426968389662
2950,53061,5.56136405994379
2951,53063,9.34114623851653
2952,53065,6.76139236796766
2953,53067,5.55130600489963
2954,53069,4.8017408396179
2955,53071,8.23211357003113
2956,53073,5.48363762762255
2957,53075,8.76202972864928
2958,53077,7.10418910212925
2959,55001,6.48736582802395
2960,55003,5.99667833570589
2961,55005,6.72335677131022
2962,55007,4.94038457905954
2963,55009,8.17787338506574
2964,55011,6.19902112975638
2965,55013,5.29425667982144
2966,55015,8.0172313134304
2967,55017,7.27609882736522
2968,55019,7.51040724733353
2969,55021,7.60072334682315
2970,55023,7.45103454578226
2971,55025,8.18286288866624
2972,55027,8.34042156322176
2973,55029,6.27682159978406
2974,55031,5.33416342082022
2975,55033,6.59651824315389
2976,55035,7.26275007454221
2977,55037,5.64565969251639
2978,55039,8.28230986795627
2979,55041,6.05596349312124
2980,55043,8.09177406518513
2981,55045,8.3419699704142
2982,55047,7.67559017794342
2983,55049,7.74420625068603
2984,55051,5.66156120858688
2985,55053,6.72404707369554
2986,55055,8.06561551227206
2987,55057,7.01538936318632
2988,55059,8.70752349747035
2989,55061,7.55648250170118
2990,55063,7.36200960048152
2991,55065,8.1893666815158
2992,55067,6.91495080542624
2993,55069,6.9125261489754
2994,55071,8.02403372817465
2995,55073,7.54606228750662
2996,55075,6.45200105319888
2997,55077,6.85049632108543
2998,55078,5.78661302693762
2999,55079,9.10130853297599
3000,55081,7.34726898215925
3001,55083,6.84431888927244
3002,55085,6.06082984110228
3003,55087,8.17161578776989
3004,55089,8.34901493720701
3005,55091,6.24435471549069
3006,55093,6.09158833686828
3007,55095,6.19448184707612
3008,55097,7.50243107927848
3009,55099,6.05264422911223
3010,55101,8.30557010966798
3011,55103,7.12150739526108
3012,55105,8.32586125509103
3013,55107,6.53862588546256
3014,55109,6.54573480621258
3015,55111,7.75841177165354
3016,55113,5.42888595880896
3017,55115,7.00431006245679
3018,55117,8.44876251430649
3019,55119,6.99615206728213
3020,55121,6.89568374097724
3021,55123,7.22022800624727
3022,55125,5.432184055063
3023,55127,7.92066203456979
3024,55129,5.75294658852366
3025,55131,8.20953121482784
3026,55133,8.3518535098784
3027,55135,7.1447646859378
3028,55137,6.78993332258328
3029,55139,8.11728494957903
3030,55141,7.64912692704919
3031,54001,7.43420331725842
3032,54003,9.13731200645106
3033,54005,7.31204050915587
3034,54007,7.02389246161261
3035,54009,9.75226979351032
3036,54011,8.17464478628308
3037,54013,6.58401629080897
3038,54015,6.89002971659919
3039,54017,7.38991553157766
3040,54019,7.16387864875432
3041,54021,6.95731081099735
3042,54023,7.05186152467119
3043,54025,6.94650266910936
3044,54027,7.08880546486396
3045,54029,9.68861325922545
3046,54031,7.03216977397504
3047,54033,8.54626377907061
3048,54035,7.81795515319571
3049,54037,9.09639508112453
3050,54039,7.95726637610521
3051,54041,7.67280031944784
3052,54043,6.97210276565378
3053,54045,7.10864946248265
3054,54047,6.88505966942522
3055,54049,8.34635941082633
3056,54051,9.34406653034102
3057,54053,7.93636663921827
3058,54055,6.64437294937685
3059,54057,7.36797757620871
3060,54059,6.72014064160364
3061,54061,8.58346852176444
3062,54063,6.70921413642423
3063,54065,7.71428287497862
3064,54067,6.70533596043152
3065,54069,9.55552197061404
3066,54071,5.79020562962963
3067,54073,7.96774709796187
3068,54075,6.27499081775433
3069,54077,7.34331301312649
3070,54079,7.9511048875392
3071,54081,7.19782855070442
3072,54083,7.12957822819248
3073,54085,7.6370298306058
3074,54087,7.26494949886105
3075,54089,6.69522273641129
3076,54091,7.95506185617046
3077,54093,6.83312361433973
3078,54095,7.87895832645526
3079,54097,7.75458258390369
3080,54099,7.57716904027683
3081,54101,6.82214399497487
3082,54103,8.54075321111982
3083,54105,7.53500125765262
3084,54107,8.66835144314366
3085,54109,6.7991362044041
3086,56001,3.80580876553073
3087,56003,5.21909903325334
3088,56005,5.18419749355125
3089,56007,3.54023921246459
3090,56009,4.5604345695077
3091,56011,4.38609927149513
3092,56013,4.81725731201555
3093,56015,4.98681125971771
3094,56017,4.72566832709892
3095,56019,4.54106660520481
3096,56021,4.31683671444767
3097,56023,3.81427246989948
3098,56025,4.55746823432737
3099,56027,4.75282095410628
3100,56029,4.55600285694026
3101,56031,4.8186863632168
3102,56033,6.1182855007556
3103,56035,2.99382964965356
3104,56037,4.10800449344839
3105,56039,3.75028035784728
3106,56041,4.88700682545696
3107,56043,5.35395990155865
3108,56045,4.59255101970033
